,API,Well_MAE,well_rmse,Easting,Northing
0,490251060900,6.045542645194473,7.261973268436005,803439.4,950558.1
1,490250647200,7.196078254731826,7.370437934711063,804925.0,960424.4
2,490251120300,39.626189887792066,55.89047364291086,798582.9,961391.1
3,490251035700,0.3595296594658066,0.3595296594658066,801001.5,961614.4
4,490251108600,29.718402787517334,29.77452088374643,806000.9,954932.0
5,490251078000,8.780800446223111,9.700470040521678,793397.2,966561.1
6,490251097200,18.853651993008135,20.999201931005704,794091.1,965517.2
7,490251029500,2.387151048677879,2.387151048677879,802979.2,957169.6
8,490251113800,14.342244667974047,15.834100451946787,801111.6,962844.0
9,490251103300,16.000223049118517,21.65513039313981,802464.1,960434.0
10,490251030200,14.311945587531682,19.973191295948016,792829.6,974598.5
11,490252304000,42.31369507912603,95.92404341886514,802582.6,951665.6
12,490251105300,9.954276151253453,12.885672068796243,799044.7,966351.1
13,490252278100,4.970503406303578,4.970503406303578,803095.5,955289.1
14,490251098200,6.306346342320467,6.306346342320467,801512.6,954194.2
15,490251089600,3.7899562876700656,3.7899562876700656,802075.3,958759.9
16,490251110900,7.542073778352005,8.83560490337433,795040.6,967479.5
17,490251120700,11.436401968875998,12.584793053087514,801148.6,954328.8
18,490251081900,14.527415758865573,14.527415758865573,805080.3,953296.0
19,490251027000,54.004833247159695,54.004833247159695,795387.0,963273.9
20,490252304700,36.67522705762084,69.80352882503665,804965.5,948057.8
21,490251088100,8.15764790950118,9.709129903034425,797644.9,965623.2
22,490251080300,4.72466183367942,4.72466183367942,802112.6,958353.6
23,490251056200,3.1166106587238573,3.6908363658302523,804262.0,956346.3
24,490250633800,8.581926832528666,11.814220857691106,802788.0,953598.2
25,490251118100,24.64442424164675,34.39199199809711,794161.2,973327.5
26,490251036600,7.705708223612116,9.660366597558637,798560.0,959618.6
27,490251109100,10.93278971608576,11.285328694019366,802724.8,959951.6
28,490251079900,30.33936922785051,30.33936922785051,798358.0,963523.2
29,490251031600,2.5238283108158917,3.3738346569305557,801554.2,966211.4
30,490250642500,3.6782907241276916,4.515168048885207,799858.0,958806.2
31,490250659800,6.627619741449507,9.157370787601304,791479.0,971059.7
32,490251037000,7.281335539191635,11.450764055389532,797750.8,962286.2
33,490251092000,18.838896665682796,39.18412726428985,800882.1,961020.7
34,490252319500,16.87395099215366,21.795481116437344,795788.4,966905.1
35,490251039900,4.2345009141965875,4.924282941835757,799797.1,954523.9
36,490251083100,7.351567415779527,7.972489581673992,800350.2,952685.3
37,490250664200,2.7025962879642975,2.7025962879642975,790748.4,974057.0
38,490251076200,0.1596533118890875,0.1596533118890875,806464.3,948105.4
39,490251110200,9.449426280135867,13.079513034991916,800401.7,966203.1
40,490252284700,7.389293681049537,8.577474039863892,801915.7,955012.2
41,490251107000,17.868493352791347,27.326820348796804,805323.6,958213.4
42,490251031200,18.668704930412332,20.66503717424384,803195.4,950755.3
43,490251107200,8.020890807479645,9.252181900514175,799394.6,961519.4
44,490251111200,29.444968719704395,54.305956910150144,800024.1,961417.1
45,490251078100,5.032305903110553,6.46339607936425,796184.8,967006.2
46,490252254700,21.344912032333923,21.344912032333923,803593.1,956985.6
47,490251091900,39.936851151985366,40.656294536158235,799590.4,961927.4
48,490251115800,5.9787628680616764,7.279433391478305,797015.5,966995.2
49,490250634100,3.287182310670687,3.6917133081821754,807654.9,953347.9
50,490251026500,9.504036515012103,13.146394054141293,792654.3,967057.7
51,490252265800,1.8645678212187704,1.8645678212187704,803528.9,956770.1
52,490252251600,2.475248297139842,2.475248297139842,802298.4,960564.6
53,490252264600,0.3534976933106009,0.3534976933106009,801881.5,960594.3
54,490251114900,54.35690681145525,73.81305454903328,802904.6,950343.7
55,490251124000,3.6367587646218453,4.466650787971078,803991.8,960259.6
56,490251089000,22.6938105447213,30.384055115198514,801485.7,957196.8
57,490252252300,4.641307332097313,4.641307332097313,803069.7,960166.1
58,490251026200,1.6289062838255859,1.7218681186981608,795243.1,969720.7
59,490250646400,5.5303309685486965,5.5303309685486965,806240.3,960257.6
60,490251105400,10.617449598363237,11.026505669803571,804540.6,953386.7
61,490250645500,8.568168869333022,8.568168869333022,807558.0,959804.8
62,490252268600,13.734147687666063,15.498890073391395,803146.2,952922.2
63,490251102400,3.855698561873851,3.9450714158521345,804164.4,953882.8
64,490250652600,48.744796173084254,67.54542239686683,797367.5,964030.5
65,490251088600,4.367297340247963,5.278590771548071,798390.9,967817.4
66,490250951100,6.675702475229173,8.463683121045834,791995.3,975996.8
67,490251089700,11.865412287325057,13.623115325520976,799070.6,962686.7
68,490251038900,5.5387093700064725,5.910212342919966,800954.5,964907.7
69,490251090600,4.719192213229803,5.227465322443702,797548.9,968535.1
70,490251103900,2.8629965256668584,3.610989353203016,805326.2,961335.4
71,490251056700,12.36943626322227,12.36943626322227,804931.0,955886.3
72,490251103200,19.408376683437837,20.100463115774136,800342.2,963093.1
73,490251032500,13.07513422960013,13.59282529451716,794328.8,964753.3
74,490251094400,0.8214347938819628,1.0177143849167005,800286.6,964533.4
75,490251096500,9.243519205808843,11.052761225326666,798492.7,967123.5
76,490251102700,16.458307461648474,16.871277299562482,801632.6,950765.1
77,490251031400,6.321105982222434,7.33990555763001,794188.6,973937.2
78,490251133500,8.421933308730331,8.421933308730331,801949.8,953898.8
79,490251126500,1.797324800529168,1.797324800529168,804031.9,959469.1
80,490251035100,2.6696078016702813,2.6881303964036274,803612.1,960371.8
81,490251038300,8.708062534914385,9.459106744523174,792762.4,968144.5
82,490251080700,18.807231262728084,24.804465484184355,799920.9,953364.9
83,490251036000,10.035107332596453,15.495237957835036,796369.2,962171.9
84,490250641500,2.126947646701865,2.144385075954131,806091.0,957865.6
85,490252305400,7.876483984118143,8.764634061333222,800826.7,960524.8
86,490251120600,8.159123270306736,8.97960761130724,800428.0,951245.8
87,490251090100,5.6526997125203025,7.498011495540464,802253.4,954346.9
88,490252269900,2.2248132692566287,2.2248132692566287,802140.2,961424.2
89,490251037700,27.485625624335853,42.05452177152335,797515.7,970744.6
90,490251040000,7.773756869868824,10.30699778449759,803998.7,952991.2
91,490251079500,7.19329586825279,8.160489822546078,794940.5,969250.2
92,490251021500,14.312226744702002,14.65538104634258,794222.9,976603.6
93,490251038500,7.892139060443924,9.018525817079066,791724.6,968026.7
94,490251111500,3.3549930963199586,4.00301135021373,797792.1,967484.8
95,490250654500,12.83777020241026,15.137965056557016,804219.0,963601.2
96,490251098500,22.58829329698142,29.339845559333032,797934.8,965145.6
97,490251096300,7.135064396008602,7.135064396008602,799548.9,966781.7
98,490251058100,42.666442934856605,42.666442934856605,805056.1,951951.1
99,490251037400,0.8109343607720803,0.8109343607720803,796857.9,970088.5
100,490251110800,8.763956610306726,9.6348442422235,804597.0,950062.9
101,490251044900,26.880531816549592,26.880531816549592,792941.7,970652.8
102,490251095100,34.82395200761027,40.195158783725546,796964.9,963119.6
103,490251119600,51.804265187929104,64.2851910009231,793599.3,972681.1
104,490251038800,11.01156583453106,12.575956658370366,794894.3,971987.5
105,490251073200,1.695863639131403,1.695863639131403,798989.9,961575.2
106,490252250200,3.2816888964580357,3.2816888964580357,802602.3,965912.2
107,490251033100,0.8788439932686742,0.8788439932686742,799063.7,952035.6
108,490251112800,0.07888850588460627,0.07888850588460627,802614.4,956841.6
109,490251102300,6.7806829182480515,7.4273613451186105,804917.8,950098.2
110,490250970700,5.385790880419336,5.385790880419336,808178.9,951464.3
111,490251070900,25.11550239681888,34.95375085538807,793725.5,972426.3
112,490251085400,9.46719251821014,12.564417695843266,790887.1,972937.6
113,490251043200,2.2528898130681227,2.2528898130681227,804762.8,954564.2
114,490250640200,5.433509913051239,5.433509913051239,806315.4,957221.3
115,490250641900,33.527146534040185,33.66390243281994,806895.5,957890.5
116,490251023200,10.436350960849463,15.96031689018864,801965.1,961907.0
117,490251041500,7.451164550069734,8.82316543454865,794943.2,968104.9
118,490251072600,5.81846259847498,7.975499978272874,801150.4,956070.6
119,490251059300,23.607653149336176,25.876904954516853,790971.0,969823.5
120,490251059200,15.382227778767856,15.931416862861372,807557.6,946629.8
121,490251061000,12.923677829477128,12.923677829477128,802051.7,952172.4
122,490251091600,3.8208336282563096,4.011434050406758,804122.8,955858.1
123,490251038600,6.268819461894395,7.124001040354729,794252.6,969991.1
124,490252247200,3.1409805220291673,4.280862834768503,804617.7,956864.8
125,490251088500,10.028031757844929,10.078822886212928,796462.6,967375.9
126,490251087400,98.75357224089112,131.36857831001123,804780.0,960043.6
127,490251110700,5.345339781627142,6.35569447023873,805171.6,952199.4
128,490251087100,13.137651910520313,20.174619104780074,802932.3,947657.9
129,490250651800,10.079760057510157,10.603939360956403,804277.7,963030.0
130,490252256200,2.667293628990592,2.667293628990592,803712.0,956661.2
131,490252273300,0.6927192633329469,0.6927192633329469,805425.7,948306.9
132,490251085300,11.915598901013178,12.750839589003581,801042.3,950328.7
133,490251104900,11.959074790711327,13.545566518589718,802299.3,955423.6
134,490251062900,5.744527039253626,6.290620568376614,801656.4,953386.8
135,490251067400,2.7814309883366755,3.120602245762227,793670.8,974295.0
136,490252256300,4.99726826260121,4.99726826260121,803374.9,956310.0
137,490251133100,7.162130562093807,7.162130562093807,802892.8,954302.7
138,490251035500,7.792270100805013,11.167214200471275,794229.7,971344.7
139,490251064500,4.93662998135469,6.221048385263833,793595.5,969241.9
140,490252304800,12.752960589056134,15.432066825263103,798038.0,960893.3
141,490251114400,6.113797660252658,6.312235302608107,801560.3,951566.3
142,490251116800,3.868889214933006,4.3305891169211055,804670.7,958843.9
143,490251112100,6.467067856163567,6.6077280547929655,804267.1,956657.3
144,490252250100,14.001115703756568,14.389945152887314,803986.0,963370.1
145,490252247800,25.964614093824213,30.79058435285687,804591.6,962732.5
146,490251068200,2.1625134930063723,2.1625134930063723,799681.2,961589.2
147,490251070500,3.638457686141919,3.638457686141919,802285.2,962216.1
148,490251073400,13.461379929452429,18.43413239673261,805311.8,942097.6
149,490252248200,6.244304569274391,7.6335348329825194,807244.1,958197.2
150,490251076700,11.131154923985074,11.149720078709452,795352.5,963123.6
151,490252284701,7.665922197669943,8.567397579742059,801915.7,955012.2
152,490251056500,0.19487997663782153,0.19487997663782153,804874.7,957135.9
153,490251106300,27.76707056155389,31.069727638869157,797528.3,961784.5
154,490250634900,1.730343927360991,1.730343927360991,806998.2,953957.4
155,490251091700,9.022069726580867,11.834873991255845,805200.5,952903.5
156,490251062300,3.5668515281658983,3.5668515281658983,802515.1,950534.3
157,490251084100,7.125904901713814,7.404194405150598,805500.3,952399.9
158,490251104300,6.5385368208824275,6.680040226344348,802708.1,949647.0
159,490251026400,4.663090632634703,5.828826536324233,802010.4,949030.1
160,490251037300,4.812171975979027,6.267831870660328,794195.1,972730.6
161,490251032600,50.56449036271988,72.83552144169207,800981.0,962306.4
162,490251035900,7.535645158586931,9.527153558020176,799646.7,964800.7
163,490250952700,5.187305932578056,8.463778596630542,792546.5,976228.7
164,490251103800,4.16127686400614,4.16127686400614,805239.8,960027.7
165,490252280800,18.58391246340875,24.680631203243994,802979.6,955527.2
166,490252263800,0.306826698943496,0.4229196819147249,807919.8,947219.9
167,490251040100,3.0185730281340284,3.968327657733472,796885.4,968798.9
168,490250633400,2.006885041244459,2.006885041244459,807660.2,952700.9
169,490251044300,8.82933231211094,8.957423370410817,794914.0,970657.5
170,490251057500,76.19408623584604,76.19408623584604,793533.3,972644.1
171,490252282200,12.205532925943166,12.669097741424116,800350.0,953112.9
172,490251034700,14.493265653933577,16.336648275511177,802892.2,962323.9
173,490251044600,51.3544584714311,59.56566460314754,796417.1,963485.9
174,490252270100,8.449968832447667,8.449968832447667,803305.2,954099.9
175,490250641800,2.9282635625768307,3.9831427066441143,805615.4,957867.1
176,490251079400,7.20277663502543,8.270320319769942,794350.5,968710.9
177,490251067900,15.211691858363338,15.211691858363338,793777.2,976086.9
178,490252249300,0.43052883442851453,0.43052883442851453,802816.1,957391.9
179,490251027800,0.18451169921627297,0.18451169921627297,801625.6,959661.4
180,490252256400,2.357476164002037,2.357476164002037,803265.4,957063.3
181,490251097300,13.360775564826326,16.512639542816807,803670.8,956620.6
182,490251110300,3.1746722132860064,3.4695166840372336,792860.3,973849.2
183,490251095400,3.63778886502314,3.63778886502314,801820.1,958705.9
184,490251084900,5.119820471986941,6.337051144534527,794269.8,969331.0
185,490250638400,5.552968522412812,5.552968522412812,806951.0,956063.9
186,490251036700,5.322124567076457,8.433710960907396,795533.1,971375.2
187,490251099200,8.196038426953873,9.932894827131168,800861.5,964186.1
188,490251064200,6.649243038020359,7.711090703060238,793473.0,970409.3
189,490251055600,7.728842613806894,10.005313838978902,804295.1,959047.2
190,490251036500,9.16966242759489,11.446844155345348,796219.7,969412.0
191,490252251000,6.262576013600665,8.15514726424345,802850.5,959962.4
192,490251084500,13.365040536462038,17.46463356701734,795763.0,970206.7
193,490251057700,32.16373607013702,40.202160288865564,793570.5,969355.6
194,490252254600,2.8736120430676237,3.546801881206406,803701.2,956850.8
195,490250644000,1.545422680081174,1.545422680081174,805574.7,959158.8
196,490251058200,4.056617728387209,4.056617728387209,805673.0,951324.7
197,490251025200,49.054598923483354,49.054598923483354,804896.6,955554.0
198,490250971100,11.551296819413276,17.002255511391297,803453.2,950406.7
199,490250639200,65.35075096022047,65.35075096022047,806352.8,956569.3
200,490251069200,14.075524748503312,14.64799241160909,791992.7,973113.4
201,490251086700,38.914205774901575,46.92135209074857,803231.9,961870.7
202,490251021800,6.105985492717991,7.506854902742497,796374.2,965429.7
203,490251039300,3.8008388068465138,4.6733704691318865,793675.2,967497.1
204,490251071400,1.802774867222979,1.802774867222979,804060.2,957861.5
205,490250649100,11.631733932178122,11.825594381492543,805569.1,961739.7
206,490251039700,7.403852666835367,9.887533453439715,794810.9,974652.3
207,490252254400,3.4424194171024283,4.138528910527961,803247.2,957072.4
208,490251065600,2.6669069031163417,3.4208412434596753,799792.9,955118.3
209,490251096600,63.553956845240556,74.0492565558733,799474.3,964098.1
210,490251121800,3.1407642351932736,3.962952268422257,802073.6,956994.0
211,490251042000,0.7440723797399187,0.7440723797399187,799618.2,956656.9
212,490251098100,5.349146161463523,6.111220290033668,802042.4,953461.7
213,490250652800,77.19549392951194,77.20473592565581,803553.8,963610.7
214,490250657300,0.728080366931863,0.728080366931863,802890.5,966255.5
215,490251121100,5.262192573763059,5.262192573763059,801991.8,954961.2
216,490251061800,4.943289141897367,4.943289141897367,800160.4,953690.8
217,490251067200,2.640995960552573,2.640995960552573,800280.8,960373.5
218,490251115900,3.566774668279322,3.566774668279322,802215.8,950621.7
219,490251044700,22.667812578244593,22.667812578244593,802435.7,959767.9
220,490251079600,4.390050671381573,4.797603888788498,794617.3,966989.7
221,490250949200,13.12208354021559,15.742330914680974,791006.9,971447.8
222,490251134600,0.7953923485974883,0.7953923485974883,802041.2,958381.6
223,490252276900,31.676220544372125,39.60383957221646,802307.1,954534.1
224,490251084600,12.91502418151913,13.283620142838904,796127.1,964773.3
225,490250959100,7.04416883993099,7.424150977379188,792246.1,971923.6
226,490252284300,5.851749359132175,6.421349695702045,801426.2,954284.1
227,490251116100,11.322222679773517,13.788919616752427,802510.6,948613.1
228,490251044000,5.174398245253087,7.526573913324022,803812.6,955576.4
229,490250633900,2.75278167737315,3.4736341798181174,808280.8,953395.6
230,490251040900,4.9019592909122975,5.857927930231816,790907.5,970163.8
231,490251086900,20.02791025981069,24.476571879086137,801921.6,954105.6
232,490251031700,2.664808861361962,2.664808861361962,801572.1,964892.0
233,490251073300,4.086181890278567,4.086181890278567,794473.2,970196.1
234,490251137400,6.472831928055257,6.856247829649738,792152.0,974514.6
235,490251135900,37.435798284222074,37.435798284222074,795783.5,974215.4
236,490250639900,14.62423030059217,18.246961243056163,797225.2,956977.8
237,490251085100,16.37882051572342,16.37882051572342,803898.0,957086.0
238,490251072300,3.9541332848439197,4.173416660089679,802924.3,957947.8
239,490250655200,0.6119071163811896,0.6119071163811896,802964.9,964918.3
240,490251067500,4.245559739398232,4.245559739398232,799569.2,959684.5
241,490251076900,18.85127698627963,26.35805374566364,800686.3,964919.8
242,490251034500,30.327210303358566,42.665266800607405,795087.2,964114.9
243,490251078700,7.904243583295283,7.904243583295283,799027.4,954531.5
244,490251041300,11.21582734258402,12.261825932521702,796190.2,970741.8
245,490251068300,4.643763458068861,4.643763458068861,800316.6,961603.6
246,490251036300,3.300657592206335,3.300657592206335,802280.1,961004.7
247,490251023300,14.408041546787704,18.42925319472672,796503.2,971068.8
248,490251028100,12.700679175050027,12.700679175050027,804482.7,951996.3
249,490251133000,5.178030032364404,5.178030032364404,801670.6,957093.6
250,490251124700,3.00458413979095,3.487062138718937,800487.6,966045.3
251,490252303100,33.866160221059836,74.21490171195704,802426.9,950770.4
252,490251055700,0.2104021205659592,0.2104021205659592,805164.7,959079.9
253,490252263500,4.397715989074641,4.397715989074641,803531.8,965629.9
254,490251055300,3.7986103728876515,4.415772386807771,803043.1,960411.0
255,490252277000,10.637629535082814,12.341136817850117,801244.0,952438.1
256,490252265600,1.5649647626660226,1.5649647626660226,803225.3,955510.6
257,490251087600,7.681142997526682,9.439157834619891,800387.3,949321.1
258,490251104200,22.391859620135165,27.933816274679867,803732.7,958860.9
259,490251116700,1.6801201819739617,1.7593783552394937,800524.4,961865.3
260,490251082900,3.101155503726659,3.101155503726659,801766.0,958660.9
261,490251030100,14.73024846520957,15.014110611609796,803187.5,948027.4
262,490251095900,16.598729318378446,20.614684978131052,801909.8,947574.7
263,490251070100,4.489202780068354,4.738092374713371,801610.9,964214.9
264,490251122900,1.5407887462179133,1.5407887462179133,802636.2,956590.9
265,490252269600,0.6973605679058892,0.6973605679058892,801223.1,965188.4
266,490251040600,10.336929970319943,11.333435547221134,803628.5,956424.0
267,490252264500,0.5522916314503163,0.5522916314503163,806156.4,961263.3
268,490250634000,0.4599494999088165,0.6170434586088359,807006.8,953294.8
269,490251125200,2.393059200051539,2.393059200051539,802539.5,961961.5
270,490251104400,3.6467348130011032,4.823451845258002,799941.6,953842.4
271,490251119300,12.180244742004106,13.182108431705414,802878.2,950102.1
272,490251055100,3.9586910246580373,3.9586910246580373,804276.0,959806.3
273,490251037500,8.353652461439651,9.236450911958212,794676.9,965721.1
274,490251119200,14.152569107343652,18.0498299074668,797988.4,968229.5
275,490251034800,2.6032264802834106,2.6032264802834106,801002.7,960329.7
276,490252252600,8.375636011925963,9.665980949491896,802591.2,960334.4
277,490251042600,4.052230856915003,5.106791596912169,799768.6,955843.9
278,490251032900,2.6492314610140966,2.6492314610140966,803649.8,957844.2
279,490251042300,5.155471312832196,6.569465591075565,795625.7,968649.6
280,490251031300,113.93617463471219,113.93617463471219,792866.2,973277.8
281,490251101600,3.1263622870678773,3.3114139965034006,792418.4,970988.4
282,490250655700,7.26949201577645,7.26949201577645,802967.8,965586.5
283,490250644100,0.12316008319339744,0.12316008319339744,805614.2,958519.2
284,490251032100,20.730032268740008,23.854085089744668,793759.4,966034.1
285,490251030000,12.646447241329952,12.646447241329952,801733.7,949240.8
286,490251090200,22.841148394459765,30.127322237317262,807354.2,955352.0
287,490250952400,18.239312040022924,20.282852123807803,789946.5,970902.9
288,490251084000,5.587971781171291,5.587971781171291,805281.6,952194.7
289,490251102500,5.010839110162124,5.138508397629498,801987.0,956352.4
290,490251095000,7.308758999790825,9.123094942722377,800371.8,959336.2
291,490251056000,0.5821006116711942,0.5821006116711942,794270.0,968752.0
292,490251084200,10.523490578522342,10.806042749078323,805421.1,952288.4
293,490251088900,13.987745783566425,13.987745783566425,795681.3,973548.7
294,490251130800,4.934753097217708,5.11803784191839,803355.2,958029.6
295,490251093900,16.854339849377084,17.34149681594695,803072.1,955296.2
296,490251136600,6.815681062719705,6.998897053881231,803526.5,958468.8
297,490251079700,8.84512686524431,9.24467693994589,798096.0,968784.1
298,490251043500,9.088861786405687,9.088861786405687,805119.3,951321.5
299,490251069300,10.540989420498741,11.364482485526146,793442.6,975571.6
300,490251081800,32.86957792768832,50.96836102350622,802933.0,950587.9
301,490251041200,1.471131605595474,1.471131605595474,802908.2,959052.0
302,490250953300,1.153816315635595,1.153816315635595,792218.8,972607.6
303,490251101800,5.7845361407571545,5.7845361407571545,801204.5,954203.8
304,490251072500,13.597834683098768,15.596165087800882,798605.6,953185.8
305,490251124600,0.3958422828181938,0.3958422828181938,806140.6,953660.9
306,490251062700,24.127816401052467,30.055350037531287,794184.6,964701.9
307,490252277800,1.3536156848394967,1.3536156848394967,801748.7,959786.5
308,490251036900,8.120427191390604,9.175058057768744,790328.7,969263.9
309,490250653700,63.35947726156655,63.517204299271306,804736.3,963812.4
310,490251084300,1.4802036541514099,1.4802036541514099,805523.8,952257.3
311,490250654000,15.556265898737365,15.556265898737365,803482.8,964343.2
312,490251029100,10.042307760587391,10.042307760587391,801843.2,951937.7
313,490251125600,9.326221576084208,9.326221576084208,803815.4,960676.0
314,490251079300,14.522695162793752,15.536068386977497,794176.3,970871.2
315,490251022100,5.892828782698416,5.894852136855215,792036.7,975389.8
316,490252279100,3.633589364161253,5.076637838556306,792578.3,968666.4
317,490251030800,2.0412128885300262,2.0412128885300262,801520.7,960968.9
318,490251074500,6.191856371765425,6.503150716972931,799280.0,955867.7
319,490252265400,0.8065928948408327,0.8065928948408327,801895.2,959922.4
320,490251089400,2.6537814292860276,2.6537814292860276,801764.9,958715.1
321,490251063700,11.711050335201435,11.711050335201435,802568.4,949968.5
322,490251058500,0.13997768348417594,0.13997768348417594,804259.3,955862.8
323,490252278000,1.8240260808688618,1.8240260808688618,803226.9,955064.9
324,490251002700,24.139998829511416,29.540663120779016,798466.3,960599.0
325,490252255200,0.7400907816954714,0.7400907816954714,803250.4,957389.1
326,490251071500,0.8835368026138894,0.8835368026138894,799797.7,957943.9
327,490251109600,3.7115460258937674,3.7115460258937674,802699.6,955591.4
328,490251100700,7.315761579401624,7.315761579401624,801817.7,955568.2
329,490251123000,3.168989434680043,3.168989434680043,802094.8,957248.9
330,490251001700,30.280409156199084,36.890341272857235,804573.3,945437.1
331,490251110000,1.3575322051547118,1.3575322051547118,799378.3,958015.4
332,490251126000,4.490140555960352,4.490140555960352,803222.3,962089.3
333,490250644600,6.31966323558936,6.31966323558936,805579.2,959748.4
334,490251037100,12.364216270322535,12.790716074009508,799587.9,966199.1
335,490252247600,15.923587998113362,15.923587998113362,804640.6,961318.3
336,490251038700,8.623649682819178,9.585049928100988,794174.7,967705.6
337,490251038000,4.160407221902915,4.160407221902915,799574.2,957491.1
338,490252271300,15.007928566462851,20.8443418342348,802505.8,959896.6
339,490251077600,4.915924453841171,5.40083558204992,804727.7,958128.6
340,490251086600,42.36126918255172,53.64922664857658,802248.8,964445.2
341,490251035000,1.3090407514027902,1.3090407514027902,802292.6,960339.6
342,490251092200,3.884935980566297,3.884935980566297,800930.1,961381.2
343,490251058700,0.06816260395135032,0.06816260395135032,806366.7,952004.3
344,490252264200,2.8962728686165065,2.8962728686165065,804699.0,959466.5
345,490251089100,11.121040655137222,18.842194720043466,803070.2,955096.8
346,490251040300,11.334429437922154,14.908068407589804,802615.8,960033.4
347,490251039200,7.919040691199219,11.087324428266026,794843.9,973333.0
348,490251113300,4.887103517849937,4.887103517849937,803415.1,955595.1
349,490251122100,3.9917476356940824,3.9917476356940824,802482.0,956684.8
350,490251079800,5.077199996589206,7.7041619398754575,792820.6,970605.4
351,490250648000,0.8698429997712083,0.8698429997712083,805586.7,961095.5
352,490251087500,16.228785374020692,22.657458722950036,804993.3,948578.8
353,490251130600,2.426517142839657,2.426517142839657,803534.3,958247.1
354,490251098900,2.0167543543975626,2.0167543543975626,805854.9,951972.8
355,490251086400,11.149276342255234,11.149276342255234,797395.3,958926.8
356,490251127300,0.013279580894050014,0.013279580894050014,802063.0,960011.1
357,490250639500,19.735120109411127,19.778322950281783,806903.6,956474.8
358,490251082600,1.7103175678366824,1.7103175678366824,802258.0,958221.7
359,490251117800,1.473738305930965,1.473738305930965,801996.7,956512.5
360,490251037800,11.714179830983085,11.714179830983085,803775.7,951459.3
361,490251030300,0.9682383420589152,1.1775107146117332,794126.6,975280.3
362,490252258900,3.729095211569984,3.729095211569984,803456.4,954975.2
363,490250634800,1.9406224513732013,2.708101033085955,807643.8,954021.0
364,490250655000,3.065890582221982,3.065890582221982,804204.1,964984.8
365,490250951200,7.267954328306587,7.267954328306587,792055.3,974073.0
366,490252258700,0.42361281776538817,0.42361281776538817,803745.5,954618.1
367,490251064600,12.598487744592603,16.364487645086403,791714.2,969402.5
368,490251107100,4.1004907217732125,4.9572442354707125,804204.5,956387.4
369,490251062000,7.356897519771337,7.356897519771337,805839.9,948100.1
370,490251098400,9.733965701185298,9.733965701185298,801426.7,953088.5
371,490251036100,8.452633115417484,8.452633115417484,802460.1,952503.1
372,490252347904,3.46039380352795,3.46039380352795,795644.8,973928.9
373,490252258500,2.4058057340107553,2.4058057340107553,803765.3,954964.2
374,490251055400,1.0389768779177757,1.0389768779177757,803585.6,961025.8
375,490251039500,1.132806580396391,1.132806580396391,800330.5,960957.5
376,490251040400,7.349682521764104,7.518438455055535,798210.7,968825.3
377,490252244700,0.6611315441705301,0.6611315441705301,802873.6,956124.4
378,490251058300,1.6794184580544425,1.7622165791922575,792325.4,968940.4
379,490251062600,90.11648396113469,90.11648396113469,798264.3,966855.7
380,490251129500,6.543618879910355,6.543618879910355,803413.7,958468.0
381,490251041400,7.154081606098316,8.012308346178,796247.4,968160.2
382,490251028500,5.420464111099136,5.420464111099136,800459.1,959532.6
383,490251037900,5.329857089835741,7.143434532504067,795986.4,971995.8
384,490252255000,1.467898979308302,1.467898979308302,803594.9,956300.6
385,490250958900,0.38107615336139133,0.38107615336139133,809040.2,952109.4
386,490251040500,5.195311313780621,6.002439309886575,794618.6,975931.6
387,490251057100,1.2922029431883857,1.2922029431883857,804434.6,954008.6
388,490250644400,3.9605812948075254,3.9605812948075254,807581.3,959197.4
389,490251001800,13.299714209370336,13.595745276790671,793482.4,973306.7
390,490250634600,2.8208524983465395,2.8208524983465395,806350.2,953957.3
391,490251135100,5.854504881338471,5.854504881338471,801511.3,956866.3
392,490252255800,2.5568613136065323,2.5568613136065323,803230.2,956236.7
393,490251088400,11.159924477239656,16.058030888238218,792423.5,972594.5
394,490251056300,28.11694270216958,28.11694270216958,805087.0,958551.4
395,490252271000,0.4506910592544955,0.4506910592544955,804010.5,956935.3
396,490250635000,38.38857032532724,38.38857032532724,805699.3,953985.5
397,490251132700,1.09538812734354,1.09538812734354,801868.8,956936.8
398,490251129300,0.5692578677053461,0.5692578677053461,803219.7,957724.3
399,490251033900,11.688503517568279,12.457919291801261,800147.5,963611.8
400,490251127600,0.4424876031325766,0.4424876031325766,802587.5,960703.0
401,490251112300,16.171912084519818,20.14427735167797,801590.3,956029.3
402,490251129800,0.37209575310043874,0.37209575310043874,803619.0,958132.1
403,490251106900,1.600468417727825,1.600468417727825,805883.5,960157.2
404,490251077800,10.082578466093613,12.608977793389563,801982.6,953223.3
405,490251102100,1.9191202721203808,1.9912571574391447,803340.6,959568.3
406,490251063200,5.889931887554667,5.889931887554667,804441.3,947422.2
407,490252254100,3.3350928895397374,3.3350928895397374,803355.1,956312.8
408,490251087300,9.541855836676254,10.250076301940688,805815.1,950601.6
409,490252267800,4.871152240049014,6.36031878453337,806118.8,948544.6
410,490251072900,14.434992742628992,14.435215751348276,803443.8,952529.4
411,490251058800,4.446800974256196,4.858830046772213,799088.9,967483.0
412,490251002200,1.8991647527717153,2.4848751322122458,792602.0,969654.3
413,490251109500,8.28758065556849,8.28758065556849,801337.4,955427.0
414,490251122400,5.000418686267949,5.000418686267949,802703.9,955321.0
415,490251113400,8.687884954570412,11.305767303762929,796857.6,968358.5
416,490250636200,1.9716098829530893,1.9716098829530893,807623.1,954711.2
417,490251094300,10.259320120362494,12.087589640433956,802824.5,957858.9
418,490251083700,8.513723076171118,8.513723076171118,805085.2,952175.1
419,490251031800,11.422019516094224,11.422019516094224,801614.6,961625.2
420,490251065900,11.690899449157769,12.653927957267845,793349.6,973082.6
421,490251109300,8.936710688944004,8.936710688944004,800780.1,954268.4
422,490252277200,1.147584487946915,1.147584487946915,802713.2,960860.8
423,490252252500,2.081826845714204,2.0821787719978904,801894.3,960189.0
424,490251109900,10.10081437513827,11.078457110461722,804798.1,954211.5
425,490250968000,0.3461211108469797,0.3461211108469797,806853.2,958577.5
426,490251040800,5.0665184010931625,5.769652760045938,797530.2,969442.8
427,490251021200,77.07081656604441,108.10915992779641,800516.1,958337.6
428,490251122700,7.113303891712349,7.113303891712349,802044.4,954031.5
429,490251059700,3.5889573607969396,4.164433966802811,805697.0,952511.3
430,490251073500,18.081023502360495,18.518282281264444,792923.3,970076.5
431,490251040200,10.154675681564186,10.154675681564186,790969.8,968660.8
432,490251002100,23.61161147959956,23.61161147959956,804320.0,958361.9
433,490251093700,2.0482530389772364,2.2096172377125898,801652.8,959461.0
434,490251032000,1.4278589620089406,1.4278589620089406,802194.6,958895.9
435,490250949100,2.1058780567900612,2.444900446789244,791095.4,974003.5
436,490251090900,5.144024837602956,5.144024837602956,802891.2,954546.1
437,490250647700,0.20076317986695358,0.20076317986695358,806121.7,960842.5
438,490251042400,5.467494878518664,5.467494878518664,798180.4,970116.5
439,490251071600,7.044510217432617,7.044510217432617,799786.0,957134.5
440,490251066000,41.59790622854689,41.601134318935166,807737.0,944057.1
441,490251060100,5.4097889828308325,5.4097889828308325,807154.5,951275.8
442,490251086300,1.918775105908935,1.918775105908935,798815.1,956689.1
443,490251133600,7.233168004261643,7.233168004261643,802312.3,953980.2
444,490251108700,3.2742743353010155,3.2742743353010155,801591.7,952225.7
445,490251028300,4.3420316919082325,4.3420316919082325,799099.5,960939.8
446,490251104100,4.850018347750847,4.850018347750847,805235.7,962014.4
447,490252270400,2.9060830628222902,2.9060830628222902,802442.3,960533.7
448,490251108500,4.260632766060553,4.260632766060553,805024.5,952053.6
449,490251056800,28.034384637322546,33.48960840744182,800915.5,966199.1
450,490252274300,14.696221173586537,14.74054888629221,802875.3,954652.4
451,490251112000,16.704804146842662,17.3871214873555,793487.1,974956.4
452,490250953400,8.412850640372653,8.412850640372653,793322.6,976726.8
453,490251082200,6.071363007380569,6.102538091767912,801934.6,958157.5
454,490251104600,6.781005818261595,8.992132647116126,804196.9,955089.5
455,490251121200,7.584119077768264,7.584119077768264,802333.7,954969.3
456,490251085600,0.5820696498644793,0.5820696498644793,800244.4,961881.9
457,490251028800,4.59155938232152,6.191849248976272,801748.0,957375.7
458,490251109400,17.98089878690007,17.98089878690007,800799.8,953625.6
459,490251123500,3.7721558416933476,3.7721558416933476,801411.3,956658.1
460,490251112500,0.8568464603304164,0.8568464603304164,806007.7,954242.4
461,490250650200,6.455876411324425,6.455876411324425,804257.2,962363.7
462,490251095600,25.290606764985796,30.5625260204333,800653.3,952770.9
463,490251057400,27.850606500609047,29.03755442963163,796344.9,963192.6
464,490251107300,4.379739047098155,4.379739047098155,796887.7,969489.7
465,490251039000,5.466521336232745,6.62954889300165,797881.3,960220.1
466,490252280700,26.802809913431247,33.745483876389976,802641.9,953449.6
467,490251122000,3.0393873429602536,3.0393873429602536,802577.0,957060.3
468,490252255300,3.623851098025625,3.623851098025625,803432.8,957587.1
469,490250640600,1.3214315808745596,1.3214315808745596,805545.4,957188.4
470,490251130100,15.583700523159678,15.583700523159678,802566.1,957411.6
471,490251112700,0.08774363245720451,0.08774363245720451,806084.7,955541.2
472,490251087700,12.71555974678995,12.71555974678995,801413.6,963311.1
473,490252249900,7.808477881538238,12.696890685054525,803368.6,958865.9
474,490252263400,44.39261798076177,44.40164525378326,804880.9,964994.8
475,490251083600,1.1048098415649292,1.1048098415649292,805160.9,952387.4
476,490251087200,13.055402187251048,14.993099194201877,806233.8,952889.4
477,490251070200,8.587610931029303,8.587610931029303,802189.0,965511.4
478,490251072400,4.232944595994013,4.232944595994013,802930.1,956571.1
479,490251067100,0.4919397289295375,0.4919397289295375,799652.9,960944.6
480,490251066300,3.1006567382473804,3.1006567382473804,800435.5,956481.0
481,490250632900,4.214838275435795,4.214838275435795,808321.5,952091.8
482,490252305500,19.64491055979215,19.64491055979215,804360.5,943786.8
483,490251059600,9.398536497666555,10.174244053709424,792235.4,970261.3
484,490251101200,22.518451006692203,22.52605987019587,804919.7,940475.9
485,490252251700,2.092793526125206,2.4564188807433025,802788.5,959816.2
486,490251083800,4.645630479832107,4.645630479832107,805104.7,952228.2
487,490251107500,30.18028859010701,40.65607758756175,805379.6,954360.2
488,490252269300,2.780440127933616,2.780440127933616,802678.6,965315.4
489,490251084800,13.15616813189854,13.15616813189854,793489.1,971988.7
490,490251036800,9.788986867155245,10.123138059628078,796826.5,971432.1
491,490251073900,0.36996499636097724,0.36996499636097724,798849.6,958820.7
492,490251044400,9.629184926821836,11.46994093425168,792934.6,971937.3
493,490251064000,5.775271213677115,5.775271213677115,803738.6,948681.2
494,490251125000,1.464981078826895,1.464981078826895,802240.1,954808.9
495,490252244800,4.3384856335769655,4.3384856335769655,802586.9,956488.1
496,490250656900,2.715156311436658,2.715156311436658,802105.4,966241.5
497,490251123100,2.1122695831918463,2.1122695831918463,802941.0,956742.4
498,490251114700,7.871340242113547,7.871340242113547,803357.6,953572.7
499,490251132300,8.147445679448538,8.147445679448538,802594.0,953942.4
500,490251115500,6.727075515117576,6.733704706174773,801677.0,955691.7
501,490252267600,4.204620382475696,4.791763224742851,806753.0,947876.8
502,490251106800,4.715503735189486,4.715503735189486,805771.8,961273.3
503,490251088000,1.4287967795908116,1.4287967795908116,802664.1,952064.7
504,490252273800,1.7366318154599867,1.7366318154599867,801265.8,958902.0
505,490251105800,4.345001334617336,4.345001334617336,807367.5,951749.4
506,490251115100,6.459341284070433,6.459341284070433,803591.8,950855.1
507,490252267900,2.300257518678336,2.300257518678336,803183.4,960766.2
508,490251058400,18.50027584257259,18.50027584257259,795200.0,964215.5
509,490251086800,1.394381035526294,1.394381035526294,799591.9,951536.5
510,490251043900,3.115395913666134,3.115395913666134,801286.0,953409.1
511,490251025300,1.3563921671484422,1.3563921671484422,795588.8,968078.6
512,490251064400,29.219923592011583,35.097189425564856,798229.3,968165.9
513,490251042100,3.0349490444828007,3.0349490444828007,800398.8,966859.5
514,490251029000,0.32175946936604305,0.32175946936604305,800520.8,953229.0
515,490251022200,69.54824250094612,95.84576587346724,792973.9,976722.7
516,490250644200,3.3022027962788343,3.3022027962788343,806190.0,959157.0
517,490251076000,4.769302591873384,4.769302591873384,805004.2,947995.3
518,490252252000,3.375354336630153,3.375354336630153,801924.7,960191.1
519,490251027900,22.627642299883064,31.48492373039877,802949.5,959690.9
520,490250642400,4.469163367156398,4.469163367156398,806238.2,958513.6
521,490251040700,2.9003782097502153,3.683832384666147,802966.8,957861.5
522,490251043700,1.49794923493846,1.5031531705834553,793617.0,968663.8
523,490251123200,4.649883065667382,4.649883065667382,802952.5,957001.1
524,490252275300,3.905919539653951,3.905919539653951,803482.3,954248.8
525,490252244600,3.126035396849147,3.126035396849147,803616.1,955070.1
526,490251039400,4.542009701695861,4.542009701695861,800459.6,955844.7
527,490250636500,14.718336576826005,16.78626051645061,805695.7,955294.9
528,490251069900,21.10951566998301,24.111546689080143,800942.8,964770.5
529,490251055200,4.472605432533783,4.472605432533783,802311.6,958493.1
530,490250648100,4.384805385526306,4.384805385526306,804922.9,961081.2
531,490251068600,17.21165906537294,18.924761444414315,796147.3,966095.0
532,490251097100,13.19337373249391,22.464060070246045,793597.7,969666.7
533,490250635800,1.658117200228844,1.658117200228844,806985.3,954626.6
534,490251030700,1.6141456506156828,1.6141456506156828,800188.9,958487.0
535,490251036200,3.884600468386452,3.884600468386452,804102.8,958989.8
536,490251116400,6.625512684829118,8.348740222710683,802359.4,956255.6
537,490252248500,2.7946395737526473,2.7946395737526473,807294.6,956391.9
538,490251134300,2.6604833961864642,2.6604833961864642,801591.5,958336.8
539,490250632800,0.45769795424621407,0.45769795424621407,807051.6,952038.5
540,490251029900,2.718555803248819,2.718555803248819,804267.3,958516.1
541,490251123800,0.13846360882507724,0.13846360882507724,795112.5,963555.7
542,490251038200,2.9099012473093353,3.3981812060977385,795540.1,972659.6
543,490251032200,0.7417014272105007,0.7417014272105007,803613.2,959033.1
544,490251023000,11.415802901918141,11.947253969400142,804208.1,964322.4
545,490251128100,1.6064755298220916,1.6064755298220916,803236.9,958311.6
546,490251099500,3.7317743545436315,3.7317743545436315,801989.8,956037.9
547,490250650400,34.31499491818704,34.31499491818704,805452.8,962357.1
548,490250651100,1.6110458119237592,1.6112009916771246,803602.8,962359.5
549,490251042700,16.602603916247972,16.602603916247972,803284.9,949328.6
550,490251090300,15.08666525289209,15.08666525289209,799155.4,954497.7
551,490250649200,4.386441695769463,4.386441695769463,806134.1,961686.3
552,490250633200,1.4896907382076279,1.6410765864239214,808947.2,952745.0
553,490251085000,39.07926211259246,39.07926211259246,804585.2,956514.4
554,490251022000,34.37054447774517,34.37054447774517,792865.8,975803.7
555,490251034600,5.23742825980753,5.23742825980753,802251.5,964248.4
556,490251035200,7.792226704304085,7.792226704304085,798786.7,958319.5
557,490252269500,5.211145186865906,5.211145186865906,798515.9,964159.6
558,490251056900,4.433021046832437,4.433021046832437,803002.6,955224.6
559,490251070600,21.549194707211427,21.549194707211427,802273.6,961645.1
560,490251062500,7.622488886623614,7.622488886623614,803785.1,949357.3
561,490251065100,4.570688345897906,4.570688345897906,803155.8,952545.1
562,490251062400,8.456795000322018,8.456795000322018,802595.6,948003.3
563,490251109200,6.889961766459692,6.971119727850398,803808.1,957637.8
564,490251097000,5.748066768220269,5.748066768220269,802866.0,952904.9
565,490250637600,1.8975114061377099,1.8975114061377099,805694.0,955925.9
566,490251112600,0.9586775997877339,0.9586775997877339,806634.7,955675.6
567,490251059400,3.8233315870143088,3.8233315870143088,792857.6,969332.9
568,490252267500,3.7434904367701165,3.7434904367701165,805803.2,952918.5
569,490252277400,0.007808840718098509,0.007808840718098509,802951.0,960681.0
570,490251128500,3.806339619654864,3.806339619654864,802346.9,957391.8
571,490251104000,1.8387187025946332,1.8387187025946332,805282.7,960662.9
572,490251074700,7.2404274719528985,7.2404274719528985,801156.4,954008.0
573,490251093100,0.8736667950770425,0.8736667950770425,802916.7,958068.9
574,490252283300,5.656324514612379,7.425986265715005,800232.4,955640.5
575,490251118800,13.726503295762996,13.726503295762996,801303.7,950855.0
576,490251077100,2.778818406123719,2.778818406123719,801448.6,965557.5
577,490251038400,52.0704952638589,52.0704952638589,798554.8,962036.3
578,490251002500,47.82814182818947,47.82814182818947,799616.5,962383.1
579,490250637500,5.971729208772558,6.004812976629869,807675.4,956010.4
580,490251110500,0.8148224362175824,0.8148224362175824,801666.2,961203.3
581,490252266500,8.434274511012518,8.434274511012518,801925.0,966547.1
582,490251032300,1.7302451661735176,1.7302451661735176,803082.4,955877.5
583,490251092500,3.239402179502804,3.7254077877019522,801860.9,958214.0
584,490251063500,10.004832200237615,10.004832200237615,805814.5,948902.8
585,490251033400,6.6592830354939,6.6592830354939,802332.2,953862.0
586,490252274400,1.1774688369823707,1.1774688369823707,803312.6,960505.5
587,490251108900,6.554020774927267,6.554020774927267,804695.4,952940.4
588,490251031500,42.14579712729483,42.14579712729483,800154.9,963582.4
589,490252257000,6.141263487183096,6.141263487183096,802178.0,954674.9
590,490251068900,2.696895657443747,2.696895657443747,799739.5,958433.1
591,490251035300,1.5508021142268262,1.5508021142268262,803787.2,955190.1
592,490251116600,9.76233085901822,9.76233085901822,803027.8,951051.8
593,490251075500,1.033480456909274,1.033480456909274,804324.3,955024.2
594,490251039600,13.666164953819361,16.418354036690125,800275.0,965547.4
595,490251114800,3.469748409668682,3.469748409668682,804826.0,951727.2
596,490251070400,0.15748369740958879,0.15748369740958879,802362.6,963712.5
597,490251075600,1.5880241690692856,1.5880241690692856,806432.9,952725.5
598,490251044500,0.3221453958199163,0.3221453958199163,803880.7,958136.9
599,490251132400,1.1557719940392417,1.1557719940392417,803110.7,954363.0
600,490252255400,3.515956060343342,3.515956060343342,803722.8,957580.0
601,490251120900,3.142936499770258,3.142936499770258,801665.4,956898.2
602,490252264900,1.26725738299956,1.26725738299956,802778.2,960484.0
603,490251068100,1.328916559150457,1.328916559150457,799160.9,961673.4
604,490251128700,3.0985999396743864,3.0985999396743864,802682.8,957774.5
605,490251129900,1.8294405863107386,1.8294405863107386,803881.2,962638.5
606,490252274000,1.8906639078095395,1.8906639078095395,803326.1,959837.3
607,490251031100,4.748098369359468,4.748098369359468,801783.2,950624.6
608,490252267200,1.4216410783728861,1.4216410783728861,798080.7,961811.2
609,490250952500,13.485351808540372,13.7994210534341,789670.6,969898.3
610,490251075400,7.040179067067584,7.040179067067584,803817.7,951980.4
611,490252250700,3.9472122793185918,3.9472122793185918,802038.3,960305.6
612,490251125300,3.999043568511297,3.999043568511297,806058.1,956214.9
613,490251132100,3.0546747226017033,3.0546747226017033,802693.8,954454.1
614,490251123300,9.219166039156335,9.219166039156335,801073.3,956743.4
615,490250645200,14.19240901410194,14.19240901410194,806844.9,959764.7
616,490251123400,7.066350260485706,7.066350260485706,801956.3,956753.0
617,490252252900,6.453856241482754,6.453856241482754,802106.0,954245.7
618,490252273900,0.4659440773002643,0.4659440773002643,801441.1,959797.1
619,490252250500,11.148294031034311,11.148294031034311,802660.9,960552.4
620,490251130200,7.892154101498818,7.892154101498818,802836.0,957649.2
621,490252248400,10.398686553285188,10.398686553285188,803941.4,964049.7
622,490251067800,33.20094173232064,33.20094173232064,792979.6,972577.0
623,490251057800,2.837389835862723,2.837389835862723,804534.0,957973.1
624,490252257800,0.9681386919228316,0.9681386919228316,803373.8,955205.2
625,490251074400,2.2408010908384313,2.2408010908384313,800306.2,962235.6
626,490251059800,3.1757330729469686,3.1757330729469686,800470.8,954483.0
