,L,iterations,MAE
0,1,10,26.871888892528887
1,1,10,26.87252890277889
2,1,10,26.883372931915414
3,1,10,27.346212902062526
4,1,10,42.49499089168365
5,1,20,26.872489240732506
6,1,20,26.87380248544153
7,1,20,26.88878499728731
8,1,20,27.373621631996876
9,1,20,41.12609490455011
10,1,30,26.872524809857076
11,1,30,26.87385150735193
12,1,30,26.888836550556466
13,1,30,27.366542169920173
14,1,30,39.834811304247665
15,1,40,26.8725250571741
16,1,40,26.87385169193296
17,1,40,26.888820100932193
18,1,40,27.359397813741666
19,1,40,38.719747000696294
20,1,50,26.872525057588152
21,1,50,26.873851552958705
22,1,50,26.88880323127969
23,1,50,27.352399774413932
24,1,50,37.74749201408112
25,1,60,26.872525056351765
26,1,60,26.873851411851575
27,1,60,26.88878638913413
28,1,60,27.345533069276037
29,1,60,36.89766177068792
30,1,70,26.872525055104298
31,1,70,26.873851270755654
32,1,70,26.88876957739474
33,1,70,27.338796702976744
34,1,70,36.14727445277967
35,1,80,26.872525053856762
36,1,80,26.873851129685512
37,1,80,26.888752795998975
38,1,80,27.33219236989076
39,1,80,35.48275124863467
40,1,90,26.87252505260922
41,1,90,26.873850988641106
42,1,90,26.888736044865063
43,1,90,27.325701929717425
44,1,90,34.89119043788223
45,1,100,26.872525051361656
46,1,100,26.87385084762245
47,1,100,26.88871932391109
48,1,100,27.319325622873887
49,1,100,34.36179964105483
50,1,110,26.872525050114184
51,1,110,26.87385070662954
52,1,110,26.88870263305569
53,1,110,27.313076646601893
54,1,110,33.88745215118993
55,1,120,26.872525048866702
56,1,120,26.87385056566241
57,1,120,26.888685972217587
58,1,120,27.306957220088133
59,1,120,33.45985894809455
60,1,130,26.87252504761929
61,1,130,26.87385042472099
62,1,130,26.888669341316188
63,1,130,27.301004874290257
64,1,130,33.071735461025895
65,1,140,26.872525046371884
66,1,140,26.87385028380538
67,1,140,26.888652740270544
68,1,140,27.29518867979369
69,1,140,32.720619519574306
70,1,150,26.872525045124437
71,1,150,26.873850142915376
72,1,150,26.888636169000574
73,1,150,27.289462826967167
74,1,150,32.400240201700626
75,1,160,26.87252504387705
76,1,160,26.873850002051153
77,1,160,26.888619627426337
78,1,160,27.28386782460604
79,1,160,32.10596261177698
80,1,170,26.872525042629682
81,1,170,26.87384986121259
82,1,170,26.88860311546791
83,1,170,27.278388335302395
84,1,170,31.83488145751698
85,1,180,26.872525041382406
86,1,180,26.873849720399754
87,1,180,26.888586633045918
88,1,180,27.27302624529769
89,1,180,31.584363289016302
90,1,190,26.87252504013515
91,1,190,26.873849579612596
92,1,190,26.88857018008124
93,1,190,27.267782667573833
94,1,190,31.352049880304367
95,1,200,26.872525038887822
96,1,200,26.873849438851234
97,1,200,26.888553756495014
98,1,200,27.26262557517032
99,1,200,31.136509739852666
100,1,210,26.8725250376406
101,1,210,26.87384929811537
102,1,210,26.88853736220859
103,1,210,27.257564257556922
104,1,210,30.937483170845272
105,1,220,26.872525036393277
106,1,220,26.87384915740535
107,1,220,26.888520997143768
108,1,220,27.25260148896566
109,1,220,30.754005272926776
110,1,230,26.872525035146115
111,1,230,26.87384901672091
112,1,230,26.888504661222303
113,1,230,27.24773814023785
114,1,230,30.582352018234854
115,1,240,26.87252503389891
116,1,240,26.873848876062162
117,1,240,26.888488354366746
118,1,240,27.24295984034676
119,1,240,30.421296774998808
120,1,250,26.872525032651758
121,1,250,26.873848735429014
122,1,250,26.88847207649942
123,1,250,27.238319984621626
124,1,250,30.269948954501064
125,1,260,26.87252503140457
126,1,260,26.873848594821506
127,1,260,26.888455827543076
128,1,260,27.233790676236993
129,1,260,30.12744456514706
130,1,270,26.872525030157462
131,1,270,26.873848454239756
132,1,270,26.888439607420995
133,1,270,27.229353148286087
134,1,270,29.994312766747505
135,1,280,26.872525028910356
136,1,280,26.87384831368359
137,1,280,26.88842352158411
138,1,280,27.224988546197167
139,1,280,29.86940269106899
140,1,290,26.87252502766328
141,1,290,26.873848173152858
142,1,290,26.88840748411015
143,1,290,27.220686608523003
144,1,290,29.752193913419262
145,1,300,26.872525026416263
146,1,300,26.873848032648063
147,1,300,26.888391475021887
148,1,300,27.216460567581425
149,1,300,29.642375807987204
150,1,310,26.87252502516917
151,1,310,26.873847892168637
152,1,310,26.888375494243853
153,1,310,27.21231089664725
154,1,310,29.538377374714102
155,1,320,26.872525023922215
156,1,320,26.873847751714937
157,1,320,26.888359541701163
158,1,320,27.20824584701563
159,1,320,29.439996351937392
160,1,330,26.872525022675177
161,1,330,26.873847611286745
162,1,330,26.888343617319
163,1,330,27.204248317151023
164,1,330,29.347945695121243
165,1,340,26.872525021428217
166,1,340,26.873847470884193
167,1,340,26.88832772102294
168,1,340,27.200336816598373
169,1,340,29.260922040751883
170,1,350,26.872525020181367
171,1,350,26.873847330507296
172,1,350,26.888311852738894
173,1,350,27.19649772582804
174,1,350,29.178216167866356
175,1,360,26.872525018934432
176,1,360,26.87384719015585
177,1,360,26.888296012392594
178,1,360,27.192727891121386
179,1,360,29.09979564076216
180,1,370,26.87252501768742
181,1,370,26.873847049830065
182,1,370,26.88828019991063
183,1,370,27.189029572025852
184,1,370,29.025463556382576
185,1,380,26.87252501644057
186,1,380,26.87384690952974
187,1,380,26.888264415219503
188,1,380,27.185420289241474
189,1,380,28.954715479879702
190,1,390,26.872525015193798
191,1,390,26.87384676925504
192,1,390,26.888248658246102
193,1,390,27.181862562365847
194,1,390,28.887349196717707
195,1,400,26.87252501394687
196,1,400,26.873846629005882
197,1,400,26.888232928917304
198,1,400,27.17835962785568
199,1,400,28.82321871601636
200,1,410,26.872525012700066
201,1,410,26.873846488782267
202,1,410,26.888217267086524
203,1,410,27.174923751123654
204,1,410,28.761894390637952
205,1,420,26.872525011453266
206,1,420,26.873846348584188
207,1,420,26.888201692757256
208,1,420,27.171546979390254
209,1,420,28.70331097838454
210,1,430,26.872525010206637
211,1,430,26.873846208411614
212,1,430,26.88818614568227
213,1,430,27.16822060163666
214,1,430,28.6479749371697
215,1,440,26.872525008959826
216,1,440,26.8738460682646
217,1,440,26.888170625790316
218,1,440,27.164935949885994
219,1,440,28.59591283895243
220,2,10,30.859139224975756
221,2,10,27.34114330225801
222,2,10,23.20572850376725
223,2,10,20.825082431728227
224,2,10,63.5884794727647
225,2,20,32.04543888950206
226,2,20,40.54641882028611
227,2,20,20.736002124439977
228,2,20,21.149295268191914
229,2,20,104.00843247371583
230,2,30,32.52844711724599
231,2,30,40.18519743344625
232,2,30,19.574810538453292
233,2,30,20.295531531995934
234,2,30,112.68842682655921
235,2,40,32.299666945161846
236,2,40,39.554433178742485
237,2,40,18.15412687277636
238,2,40,20.51089021344838
239,2,40,114.22872269688307
240,2,50,31.465329554976954
241,2,50,39.07722419068743
242,2,50,17.524776110406798
243,2,50,20.80042650616167
244,2,50,116.24597931748687
245,2,60,30.601330355017225
246,2,60,38.72304386980918
247,2,60,17.400891041489405
248,2,60,21.220654000373088
249,2,60,120.01891727295175
250,2,70,29.67040865358711
251,2,70,38.79134875832406
252,2,70,17.140047656838973
253,2,70,21.890007983966576
254,2,70,122.18578224142408
255,2,80,28.956718545828764
256,2,80,39.05368811893179
257,2,80,17.002324508494645
258,2,80,22.269961209260693
259,2,80,123.42837534759595
260,2,90,28.41661041790342
261,2,90,39.45973759971045
262,2,90,16.90437444229946
263,2,90,22.829135713972335
264,2,90,124.36673853427742
265,2,100,28.130212517614297
266,2,100,39.48255360116211
267,2,100,16.699403053404975
268,2,100,23.643237640543944
269,2,100,124.94080692119536
270,2,110,27.992061364759415
271,2,110,39.40785423991419
272,2,110,16.629550307597007
273,2,110,24.725855347890583
274,2,110,125.51606401570717
275,2,120,27.94257434324723
276,2,120,39.323715040104574
277,2,120,16.569762196900683
278,2,120,25.69146275777922
279,2,120,126.00395927720535
280,2,130,27.992711543512527
281,2,130,39.24232217858821
282,2,130,16.520997444358397
283,2,130,26.780685003306257
284,2,130,126.38183292238273
285,2,140,28.06869065660642
286,2,140,39.16221660253762
287,2,140,16.481994761636255
288,2,140,27.83911459929346
289,2,140,126.65054684821698
290,2,150,28.167799315334783
291,2,150,39.083063020424206
292,2,150,16.450098619197604
293,2,150,28.576401887431345
294,2,150,126.81965671778147
295,2,160,28.152400649001656
296,2,160,39.0055654208912
297,2,160,16.42212259690482
298,2,160,27.487480659632276
299,2,160,126.89792877439291
300,2,170,28.472682281597926
301,2,170,38.929764345699304
302,2,170,16.39583701183818
303,2,170,24.727646686125702
304,2,170,126.88988687537707
305,2,180,28.645635855475028
306,2,180,38.85632946089993
307,2,180,16.370167322735405
308,2,180,26.22066378273425
309,2,180,126.806437950412
310,2,190,28.856322528359303
311,2,190,38.78555572111257
312,2,190,16.345026212434377
313,2,190,26.628567598178627
314,2,190,126.65730391124313
315,2,200,29.10242224601726
316,2,200,38.717582363821265
317,2,200,16.32011606751035
318,2,200,26.98849519150376
319,2,200,126.44918966838746
320,2,210,29.38490420777525
321,2,210,38.65273495233549
322,2,210,16.295493341336382
323,2,210,27.306284540181597
324,2,210,126.18315072407059
325,2,220,29.708072697666402
326,2,220,38.59079203085348
327,2,220,16.271173719912806
328,2,220,27.585407112024885
329,2,220,125.88356540502724
330,2,230,30.076513597425354
331,2,230,38.53153765634155
332,2,230,16.24673954076228
333,2,230,27.829972282133625
334,2,230,125.59000570952742
335,2,240,30.502223991595898
336,2,240,38.475021868116045
337,2,240,16.222128219437984
338,2,240,28.04338472540782
339,2,240,125.23027976653367
340,2,250,31.010818260851355
341,2,250,38.421126130486904
342,2,250,16.197433675873555
343,2,250,28.228838590578775
344,2,250,124.84130525544238
345,2,260,31.640657667331652
346,2,260,38.36980700881304
347,2,260,16.173100755752266
348,2,260,28.37790703138964
349,2,260,124.4322153840495
350,2,270,32.34140530157692
351,2,270,38.321235612549664
352,2,270,16.149407174682388
353,2,270,28.50520633175556
354,2,270,124.0101203004773
355,2,280,33.01820162032965
356,2,280,38.27615982243653
357,2,280,16.126324295749715
358,2,280,28.629071492157834
359,2,280,123.56901758105761
360,2,290,33.64048105943016
361,2,290,38.233130352656076
362,2,290,16.11524587168424
363,2,290,28.741522046130562
364,2,290,123.11874218160887
365,2,300,34.206237860529114
366,2,300,38.19209881250683
367,2,300,16.115293166512767
368,2,300,28.842925934383164
369,2,300,122.65607753886212
370,2,310,34.72012362052489
371,2,310,38.152983148424866
372,2,310,16.125861738347744
373,2,310,28.934209625337004
374,2,310,122.19833466708852
375,2,320,35.18594819171742
376,2,320,38.115386541869746
377,2,320,16.141466372475147
378,2,320,29.016463809048496
379,2,320,121.76222711475245
380,2,330,35.606307124316636
381,2,330,38.07912546521059
382,2,330,16.159147012871035
383,2,330,29.090797016087897
384,2,330,121.22678259143048
385,2,340,36.005118091806864
386,2,340,38.044002927700355
387,2,340,16.176475309927845
388,2,340,29.15820918250244
389,2,340,120.72160872170994
390,2,350,36.37061056584688
391,2,350,38.009817763635425
392,2,350,16.193580487839437
393,2,350,29.219558326259232
394,2,350,120.20419066965924
395,2,360,36.70192438226342
396,2,360,37.97648517294296
397,2,360,16.210180101319033
398,2,360,29.275602306541597
399,2,360,119.65413292335374
400,2,370,37.003440450819625
401,2,370,37.94361190226465
402,2,370,16.226321900258622
403,2,370,29.327005709431205
404,2,370,119.08577099558622
405,2,380,37.28134500651289
406,2,380,37.91079835774067
407,2,380,16.24192109180536
408,2,380,29.374333113706037
409,2,380,118.48749544614611
410,2,390,37.54613409773411
411,2,390,37.87738246077485
412,2,390,16.25725357190202
413,2,390,29.41802409918028
414,2,390,117.86248829433767
415,2,400,37.81928263996501
416,2,400,37.84171696577369
417,2,400,16.27212588070933
418,2,400,29.458433882954562
419,2,400,117.21146776920462
420,2,410,38.692734725967334
421,2,410,37.797680066889704
422,2,410,16.2864952107751
423,2,410,29.495866082151828
424,2,410,116.5250400238858
425,2,420,41.98618524993806
426,2,420,37.4579509670998
427,2,420,16.30039058557593
428,2,420,29.530593270435535
429,2,420,115.80024940625864
430,2,430,40.14041456516789
431,2,430,36.85911611010066
432,2,430,16.31392235514953
433,2,430,29.562904926024736
434,2,430,115.03890151949906
435,2,440,40.17753473929018
436,2,440,36.84613326595081
437,2,440,16.32719546198753
438,2,440,29.59301147587761
439,2,440,114.26393261944031
440,3,10,23.83459748174066
441,3,10,19.753782647034562
442,3,10,17.907207831227964
443,3,10,17.105318346140155
444,3,10,86.33267043391103
445,3,20,21.778014767710914
446,3,20,19.326155206550393
447,3,20,17.16783349716916
448,3,20,17.428887040031956
449,3,20,131.919408031699
450,3,30,23.205026089405344
451,3,30,19.90804315504211
452,3,30,17.639638591768637
453,3,30,18.788939531907047
454,3,30,165.4017562732201
455,3,40,24.448061224880465
456,3,40,20.453532967319624
457,3,40,17.53426919991049
458,3,40,21.07492696842787
459,3,40,182.60293750281744
460,3,50,24.773609392733952
461,3,50,20.656187938903226
462,3,50,17.679686054451444
463,3,50,26.562335461781288
464,3,50,190.08541626045576
465,3,60,25.209930692175764
466,3,60,20.764552018864713
467,3,60,17.64736145388396
468,3,60,39.385804531035774
469,3,60,193.10710366729256
470,3,70,25.576193729760178
471,3,70,20.859002868614784
472,3,70,17.467933478824943
473,3,70,50.79916243962807
474,3,70,195.3225514872499
475,3,80,25.800420529576222
476,3,80,21.043648497725634
477,3,80,17.429128571619458
478,3,80,56.222548517389896
479,3,80,196.8800183078211
480,3,90,25.995929162703934
481,3,90,21.26554452940273
482,3,90,17.39620782099874
483,3,90,59.02027216548589
484,3,90,197.2105552602239
485,3,100,26.486866869382638
486,3,100,21.48602005231271
487,3,100,17.369803888341227
488,3,100,59.96717629684664
489,3,100,199.1906385343861
490,3,110,27.435701607700473
491,3,110,21.674519349996693
492,3,110,17.346745545164822
493,3,110,62.06974073550819
494,3,110,201.16715820924705
495,3,120,28.708750124854653
496,3,120,21.880076035239007
497,3,120,17.325127683715017
498,3,120,63.58423723578159
499,3,120,202.61296029912535
500,3,130,30.058744680487973
501,3,130,22.068038992353507
502,3,130,17.30408776120679
503,3,130,65.24603993047768
504,3,130,203.4366771945277
505,3,140,31.381419800472052
506,3,140,22.221514422921015
507,3,140,17.283562318842108
508,3,140,66.37503838060695
509,3,140,204.36788026888394
510,3,150,32.606390209142795
511,3,150,22.33193255110563
512,3,150,17.263742787281522
513,3,150,67.11393297649897
514,3,150,204.02000151232915
515,3,160,33.68573133754175
516,3,160,22.39708118183043
517,3,160,17.24558360846496
518,3,160,68.0868552247974
519,3,160,202.50167940854942
520,3,170,34.59460336898965
521,3,170,22.44050799640877
522,3,170,17.23031030018037
523,3,170,70.9289417072838
524,3,170,200.7868668847457
525,3,180,35.33223514098863
526,3,180,22.4532890049181
527,3,180,17.215570442203177
528,3,180,72.82140175130607
529,3,180,199.10671364428364
530,3,190,35.91390119713103
531,3,190,22.76864584278498
532,3,190,17.200573446483904
533,3,190,73.8674483600596
534,3,190,197.87395547946136
535,3,200,36.36377950316172
536,3,200,23.74437865110602
537,3,200,17.200367535927285
538,3,200,74.44832400826343
539,3,200,196.85627747849125
540,3,210,36.70815563960042
541,3,210,24.148513204694893
542,3,210,17.22686419886984
543,3,210,74.7738462631434
544,3,210,195.41095966968777
545,3,220,36.97166361759855
546,3,220,24.279158555236982
547,3,220,17.217580302998428
548,3,220,74.82423775320908
549,3,220,193.80527194870183
550,3,230,37.17527775095895
551,3,230,24.315484174488645
552,3,230,17.19295005102613
553,3,230,75.27888868022454
554,3,230,192.02442318333004
555,3,240,37.33544722119433
556,3,240,24.320468851261666
557,3,240,17.170995917585977
558,3,240,74.75231851670138
559,3,240,189.58887292069087
560,3,250,37.464679948610865
561,3,250,24.315861453228923
562,3,250,17.152465721526564
563,3,250,74.45864648696882
564,3,250,187.97539245366642
565,3,260,37.57223156456203
566,3,260,24.30887221289231
567,3,260,17.146225181696025
568,3,260,74.14421970432969
569,3,260,188.461991948107
570,3,270,37.664793416772156
571,3,270,24.301989198768446
572,3,270,17.140378907346086
573,3,270,74.49818405271927
574,3,270,189.70426198425577
575,3,280,37.747303710466205
576,3,280,24.296103710259217
577,3,280,17.13578537094288
578,3,280,74.24057356937823
579,3,280,189.1726940007093
580,3,290,37.82346017005442
581,3,290,24.29167942578775
582,3,290,17.13390244579098
583,3,290,74.49741836343861
584,3,290,187.63875304929812
585,3,300,37.89666490039925
586,3,300,24.28881616225003
587,3,300,17.136069305372807
588,3,300,75.26260436737465
589,3,300,186.68858098410826
590,3,310,37.968482278018115
591,3,310,24.28783929802077
592,3,310,17.15564492479591
593,3,310,76.184175371642
594,3,310,185.84734222432712
595,3,320,38.041693402014175
596,3,320,24.288953450163397
597,3,320,17.224212378547037
598,3,320,77.26492507717808
599,3,320,185.09208954670868
600,3,330,38.1169596146913
601,3,330,24.292405698261962
602,3,330,17.896613174453925
603,3,330,78.55941607558665
604,3,330,184.0618355388103
605,3,340,38.19539113715207
606,3,340,24.298617341575522
607,3,340,17.990952065782718
608,3,340,80.01802361560613
609,3,340,184.5398244721334
610,3,350,38.279308392615825
611,3,350,24.30798167004643
612,3,350,17.97343058913944
613,3,350,81.59776254661452
614,3,350,184.094125505251
615,3,360,38.368701054088135
616,3,360,24.32124918487076
617,3,360,17.966370216633827
618,3,360,83.25190322715075
619,3,360,183.06438528614123
620,3,370,38.464461456729765
621,3,370,24.33872307305827
622,3,370,17.967838688323532
623,3,370,84.94669898498357
624,3,370,182.27264366771317
625,3,380,38.567605734265186
626,3,380,24.360207928033933
627,3,380,17.973127168866547
628,3,380,86.63759856810769
629,3,380,181.5160010890599
630,3,390,38.678713244983754
631,3,390,24.385656901166108
632,3,390,17.98290477186905
633,3,390,88.28800303278453
634,3,390,180.74980500425903
635,3,400,38.798061331634116
636,3,400,24.439091660559754
637,3,400,17.99433990001486
638,3,400,89.89273019605014
639,3,400,179.95366925678292
640,3,410,38.92587215675333
641,3,410,24.48506397797923
642,3,410,18.007632639866944
643,3,410,91.45903859782335
644,3,410,178.86630270083919
645,3,420,39.06183748812046
646,3,420,24.53300997618898
647,3,420,18.021826797580495
648,3,420,92.71901941124332
649,3,420,177.4087380236798
650,3,430,39.206230595576066
651,3,430,24.586841935026825
652,3,430,18.03619825391841
653,3,430,93.90561523571512
654,3,430,176.32931934917164
655,3,440,39.35784175107438
656,3,440,24.646584925171197
657,3,440,18.05041609445862
658,3,440,94.81406138004424
659,3,440,175.15095212911095
660,4,10,38.27761958633567
661,4,10,32.59576109751215
662,4,10,25.233645827468287
663,4,10,28.628450990320083
664,4,10,80.22232471677452
665,4,20,30.75792208580408
666,4,20,24.482707669753307
667,4,20,19.680335162098878
668,4,20,30.676993880901467
669,4,20,110.12461532171899
670,4,30,31.573110717529985
671,4,30,21.02771457597547
672,4,30,19.180694452045564
673,4,30,32.54638152874536
674,4,30,134.47633455493838
675,4,40,33.05839008937629
676,4,40,19.798477130847065
677,4,40,19.807151113065903
678,4,40,33.61975910473461
679,4,40,151.12517612651595
680,4,50,32.76396461499473
681,4,50,19.45286494352173
682,4,50,21.529400821411727
683,4,50,38.636454189838986
684,4,50,163.39079980885705
685,4,60,31.75749729416684
686,4,60,19.479990257845525
687,4,60,24.34851403187941
688,4,60,42.2991394795363
689,4,60,160.3091060255906
690,4,70,31.447388923911625
691,4,70,19.660582321660957
692,4,70,28.854294730242177
693,4,70,43.92446407944329
694,4,70,158.1178095427711
695,4,80,31.348969063579865
696,4,80,19.73368145915384
697,4,80,35.71703996538958
698,4,80,45.35523570753128
699,4,80,158.2872777308093
700,4,90,31.20616845817381
701,4,90,20.015345994310977
702,4,90,43.457483967021226
703,4,90,47.67356020004323
704,4,90,165.13212065618015
705,4,100,30.877716829684708
706,4,100,20.290603884387536
707,4,100,45.04037856914214
708,4,100,49.06831643236309
709,4,100,170.88497298707318
710,4,110,31.129336050795537
711,4,110,20.70754599273264
712,4,110,45.5103437331503
713,4,110,48.60981328534895
714,4,110,175.04172034150426
715,4,120,31.16512394065051
716,4,120,20.970584300146886
717,4,120,45.91741881487076
718,4,120,49.00316445045112
719,4,120,177.4906089247745
720,4,130,31.08490356754031
721,4,130,21.252762650553066
722,4,130,46.23851904267632
723,4,130,49.244090081428354
724,4,130,180.34742987590369
725,4,140,31.471022555057683
726,4,140,21.47908426408341
727,4,140,46.37087669001178
728,4,140,49.56115946937667
729,4,140,180.77629454885852
730,4,150,31.55471150402008
731,4,150,21.569120836467985
732,4,150,46.55313127917634
733,4,150,50.783590847584655
734,4,150,180.46269493872452
735,4,160,32.184616416247856
736,4,160,21.57608831899559
737,4,160,46.72274248582905
738,4,160,51.778015000475875
739,4,160,180.40514957940087
740,4,170,32.69370213715223
741,4,170,21.523661121357705
742,4,170,46.86201539975328
743,4,170,51.51266759086718
744,4,170,180.52636586734337
745,4,180,33.15571113705714
746,4,180,21.617482312581025
747,4,180,46.97021000302582
748,4,180,51.75376653181402
749,4,180,180.0651283383424
750,4,190,33.64938505970286
751,4,190,21.693800849952204
752,4,190,47.06859503362967
753,4,190,52.91335592067644
754,4,190,178.8585846585793
755,4,200,34.60437008032453
756,4,200,21.677296682877085
757,4,200,47.15547283272395
758,4,200,54.27019807150472
759,4,200,178.3936217225978
760,4,210,35.46901246645609
761,4,210,21.7209096535753
762,4,210,47.23058572415614
763,4,210,54.578199492441954
764,4,210,178.69484928537258
765,4,220,36.174208705872275
766,4,220,21.758891072860905
767,4,220,47.30707225944162
768,4,220,55.95433215313906
769,4,220,180.26075082793608
770,4,230,36.82301946914394
771,4,230,21.751698473600335
772,4,230,47.37270119921101
773,4,230,57.789636010087136
774,4,230,181.2243973025239
775,4,240,37.5096997486357
776,4,240,21.721374841491624
777,4,240,47.42339224349832
778,4,240,59.69344777564454
779,4,240,182.05134444935572
780,4,250,38.28990795504846
781,4,250,21.67627511627088
782,4,250,47.45900919145459
783,4,250,62.150819717505186
784,4,250,182.70850012253393
785,4,260,38.99986803052582
786,4,260,21.61712788699633
787,4,260,47.47794405972012
788,4,260,66.0661289206759
789,4,260,183.30206379046405
790,4,270,39.577404427609814
791,4,270,21.5805881477147
792,4,270,47.47309636826885
793,4,270,74.54301458240049
794,4,270,183.82866139730194
795,4,280,40.07098515574984
796,4,280,21.469468651435704
797,4,280,47.44135776719402
798,4,280,80.55009702103955
799,4,280,184.2795719628685
800,4,290,40.53923786334084
801,4,290,21.28286769841535
802,4,290,47.40881849836045
803,4,290,84.79172728272827
804,4,290,184.67010090788642
805,4,300,41.01489797118604
806,4,300,21.525905235269867
807,4,300,47.402161846177925
808,4,300,86.65579951041275
809,4,300,185.219062860909
810,4,310,41.54961364122
811,4,310,21.411391518442123
812,4,310,47.39495493538569
813,4,310,89.6410767301124
814,4,310,186.0577437962942
815,4,320,42.20816491347409
816,4,320,21.35109103237748
817,4,320,47.38135385668718
818,4,320,92.0375006099305
819,4,320,186.99561953860086
820,4,330,42.717608312294246
821,4,330,21.37650735385157
822,4,330,47.35902057011982
823,4,330,94.09905970115494
824,4,330,187.73613306687605
825,4,340,43.059092341216534
826,4,340,21.428778174845323
827,4,340,47.32891626645814
828,4,340,96.11513551437871
829,4,340,188.36872331165006
830,4,350,43.28528590849536
831,4,350,21.477138464090824
832,4,350,47.290158736172856
833,4,350,97.46855548780121
834,4,350,189.00033384996053
835,4,360,43.42594560238059
836,4,360,21.56614847635069
837,4,360,47.24273935241001
838,4,360,98.8208982789842
839,4,360,189.57089581186756
840,4,370,43.478030685035556
841,4,370,21.720510156293084
842,4,370,47.19132306940113
843,4,370,100.05599449542036
844,4,370,190.09570348307653
845,4,380,43.36584118022891
846,4,380,21.97327175568691
847,4,380,47.13036905098725
848,4,380,101.1108072537126
849,4,380,190.5263483854748
850,4,390,43.534980448307564
851,4,390,22.296188737163426
852,4,390,47.08589310034074
853,4,390,102.01919228457905
854,4,390,190.72884695548186
855,4,400,43.694215682758966
856,4,400,22.577843438528088
857,4,400,47.069808567209975
858,4,400,102.72082179612269
859,4,400,190.83072657400706
860,4,410,43.80987976884741
861,4,410,22.81364330465785
862,4,410,47.00053020748471
863,4,410,103.43418236663294
864,4,410,190.83205635652024
865,4,420,43.90481816976245
866,4,420,23.012498631246586
867,4,420,46.919283326723786
868,4,420,103.90436491349257
869,4,420,190.77673779959497
870,4,430,43.988341551600406
871,4,430,23.16873089052298
872,4,430,46.85059831074356
873,4,430,104.29154921061655
874,4,430,190.67272780596082
875,4,440,44.06359592942538
876,4,440,23.287991718959365
877,4,440,46.80141841772583
878,4,440,104.53856062848814
879,4,440,190.5267500775542
880,5,10,24.03948896191329
881,5,10,21.698119501609398
882,5,10,19.752902924186575
883,5,10,23.161157350571596
884,5,10,39.851291463272624
885,5,20,26.45577264583031
886,5,20,22.06255216298031
887,5,20,19.723473793954795
888,5,20,25.37976839719371
889,5,20,58.812996782364
890,5,30,24.830606873738187
891,5,30,22.618764733521793
892,5,30,19.682594576122266
893,5,30,27.357409221854486
894,5,30,74.35149071710305
895,5,40,24.881801374741755
896,5,40,21.885511963619976
897,5,40,20.165913039119296
898,5,40,30.73634774698534
899,5,40,83.68305466551212
900,5,50,24.855355634296682
901,5,50,21.615332288824064
902,5,50,21.237424776128826
903,5,50,32.7289467508364
904,5,50,91.01442875999436
905,5,60,24.797680208983625
906,5,60,21.105053527011087
907,5,60,22.113297555678205
908,5,60,33.00298203045085
909,5,60,102.19248670964697
910,5,70,23.812883813818058
911,5,70,21.627023999039707
912,5,70,22.664354851232943
913,5,70,35.042773450541304
914,5,70,114.49037645243173
915,5,80,24.025277281829133
916,5,80,21.869742151232543
917,5,80,22.98151339597934
918,5,80,35.94037154394353
919,5,80,127.51682348838378
920,5,90,24.134631745089088
921,5,90,22.02932815053075
922,5,90,23.135432970989214
923,5,90,37.13569874313629
924,5,90,140.7903471566111
925,5,100,24.48602984610828
926,5,100,21.934867678823174
927,5,100,23.05685722111955
928,5,100,36.82559135935432
929,5,100,154.5315050348205
930,5,110,24.939898951110784
931,5,110,21.834078513053388
932,5,110,22.758637081396756
933,5,110,38.73248376007382
934,5,110,162.75332780329177
935,5,120,25.62532088871083
936,5,120,21.937343214226182
937,5,120,22.86128695907948
938,5,120,38.678873664819506
939,5,120,164.9756318118767
940,5,130,26.420970095226217
941,5,130,22.16247837766319
942,5,130,23.419886948082684
943,5,130,38.30735612663999
944,5,130,169.17808053798188
945,5,140,27.21434228523246
946,5,140,21.47312541949614
947,5,140,24.054589923740696
948,5,140,39.60830171404908
949,5,140,171.3103631319817
950,5,150,28.411927157110576
951,5,150,25.182669519841596
952,5,150,24.633259429859386
953,5,150,41.99007226420519
954,5,150,171.29376868622433
955,5,160,29.4029130254322
956,5,160,27.334119208366232
957,5,160,25.767674548752375
958,5,160,44.29278055811476
959,5,160,171.48006664255746
960,5,170,30.42758172300171
961,5,170,27.834858028658683
962,5,170,26.467571230295743
963,5,170,46.130416012935065
964,5,170,171.50076854947383
965,5,180,31.530707895865014
966,5,180,27.41660399296959
967,5,180,26.911663554541278
968,5,180,48.51155893248182
969,5,180,169.9595195552553
970,5,190,32.82349045667118
971,5,190,26.782205498436745
972,5,190,27.450827106983972
973,5,190,50.97179728452686
974,5,190,170.51557012228994
975,5,200,34.339172093634396
976,5,200,26.752620023940935
977,5,200,27.941744859101767
978,5,200,52.02270186167238
979,5,200,170.5041121360083
980,5,210,36.43026751374253
981,5,210,26.982262329966737
982,5,210,28.38938081474596
983,5,210,54.316552247223854
984,5,210,170.51539297640727
985,5,220,38.95208064388224
986,5,220,26.456230884844135
987,5,220,28.82372237898246
988,5,220,56.39864513536757
989,5,220,171.25862643930878
990,5,230,41.68976314377444
991,5,230,26.454112151541803
992,5,230,29.26067986851045
993,5,230,57.418563862238955
994,5,230,173.71147543190685
995,5,240,44.43680052686705
996,5,240,26.618691300722457
997,5,240,29.69550098339076
998,5,240,58.56342971643991
999,5,240,174.18603524754081
1000,5,250,47.0464470403931
1001,5,250,26.71221008900231
1002,5,250,30.131371625016023
1003,5,250,59.897283454979686
1004,5,250,170.347233880569
1005,5,260,49.44346298183543
1006,5,260,26.866327536504176
1007,5,260,30.568253612710407
1008,5,260,61.34703217516814
1009,5,260,171.9046178121219
1010,5,270,51.61609077325274
1011,5,270,27.017675714691656
1012,5,270,31.00898177451597
1013,5,270,63.29270279016394
1014,5,270,172.90153747625115
1015,5,280,53.26955623385564
1016,5,280,27.016398444725137
1017,5,280,31.436033981381122
1018,5,280,65.06536691622287
1019,5,280,172.69454264484312
1020,5,290,55.106767509924886
1021,5,290,26.933459134907437
1022,5,290,31.753363941615696
1023,5,290,66.86785723083618
1024,5,290,171.70607996924036
1025,5,300,56.55483697928139
1026,5,300,26.80982001310401
1027,5,300,31.561098226542317
1028,5,300,68.54783397680812
1029,5,300,171.50387080714782
1030,5,310,57.804307216955564
1031,5,310,26.67191020882561
1032,5,310,32.271351746116814
1033,5,310,70.02148227836184
1034,5,310,171.04014600961514
1035,5,320,59.08033261266547
1036,5,320,26.526452084863017
1037,5,320,32.55111023619573
1038,5,320,71.35661354025461
1039,5,320,170.2211701335089
1040,5,330,60.107316442672825
1041,5,330,26.382020322148698
1042,5,330,32.86697769138722
1043,5,330,72.70117128649298
1044,5,330,169.78816362636536
1045,5,340,61.05013242684589
1046,5,340,26.24687539650557
1047,5,340,33.171730571061
1048,5,340,73.90611001371533
1049,5,340,171.02938264479963
1050,5,350,61.8421836317342
1051,5,350,26.129567296729036
1052,5,350,33.46806155999101
1053,5,350,75.06455353875032
1054,5,350,170.6256260191785
1055,5,360,62.45091356815368
1056,5,360,26.01881071404273
1057,5,360,33.73403009556913
1058,5,360,77.27588784800209
1059,5,360,170.02711229087888
1060,5,370,62.834388068226865
1061,5,370,25.942081077388252
1062,5,370,34.14846626795092
1063,5,370,77.86451282986683
1064,5,370,169.6752491164051
1065,5,380,63.163388782865866
1066,5,380,25.8860705095117
1067,5,380,34.44667332300705
1068,5,380,78.96114324339548
1069,5,380,169.28639557346335
1070,5,390,63.294120135863075
1071,5,390,25.850918352841642
1072,5,390,34.761796725797986
1073,5,390,79.77904020788439
1074,5,390,168.9485582177793
1075,5,400,63.39744148863603
1076,5,400,25.86566183303554
1077,5,400,35.10042879994393
1078,5,400,80.44679111721685
1079,5,400,169.6141486470232
1080,5,410,63.46725377290108
1081,5,410,25.873632324281196
1082,5,410,35.457324965680506
1083,5,410,81.14025346420948
1084,5,410,170.18237220748927
1085,5,420,63.45708522498515
1086,5,420,25.854449767094195
1087,5,420,35.83000210493269
1088,5,420,81.5847826853058
1089,5,420,169.66509444470296
1090,5,430,63.55234396463989
1091,5,430,25.829254998539934
1092,5,430,36.21567104076897
1093,5,430,81.65584766123881
1094,5,430,167.63366865198753
1095,5,440,63.786946389480036
1096,5,440,25.874707819202627
1097,5,440,36.60899340922771
1098,5,440,81.63557041278085
1099,5,440,164.78464556820643
1100,6,10,31.26762545592972
1101,6,10,27.79003931324138
1102,6,10,25.140959100266176
1103,6,10,27.262158121939823
1104,6,10,51.78754287267873
1105,6,20,33.16865576913321
1106,6,20,28.18479210044322
1107,6,20,24.92448793535234
1108,6,20,32.92929153185632
1109,6,20,69.30058064655009
1110,6,30,32.01166969909259
1111,6,30,29.313702251766404
1112,6,30,23.28584780480024
1113,6,30,36.01718501112356
1114,6,30,77.48999362855297
1115,6,40,33.29218812478297
1116,6,40,30.696523789159578
1117,6,40,21.960318563384575
1118,6,40,38.47528675437967
1119,6,40,81.10154583105262
1120,6,50,35.58201216765093
1121,6,50,31.72247761421363
1122,6,50,22.029701198856408
1123,6,50,40.568157470269036
1124,6,50,85.99416373022358
1125,6,60,36.89601399806013
1126,6,60,31.53455820728434
1127,6,60,21.997510923213625
1128,6,60,41.674965921581446
1129,6,60,92.26113508849386
1130,6,70,37.486349231728404
1131,6,70,31.807171388775537
1132,6,70,22.013453475222995
1133,6,70,42.02910603078226
1134,6,70,97.47930332302063
1135,6,80,38.224446190347265
1136,6,80,32.275509714371566
1137,6,80,22.01605721373214
1138,6,80,43.329032135863585
1139,6,80,102.27974383956791
1140,6,90,38.8229265101768
1141,6,90,31.90543068194723
1142,6,90,21.939604775705924
1143,6,90,45.59333187024083
1144,6,90,108.90290075172834
1145,6,100,39.598494227736126
1146,6,100,31.580586091391567
1147,6,100,21.96805741897876
1148,6,100,48.3111722805417
1149,6,100,116.77740603554572
1150,6,110,40.70328270932012
1151,6,110,31.09682726902593
1152,6,110,22.200977439877487
1153,6,110,49.46774414415667
1154,6,110,120.5068384570074
1155,6,120,41.71158849223425
1156,6,120,31.333256432697834
1157,6,120,22.43758442500281
1158,6,120,50.93876762418234
1159,6,120,126.52793591444191
1160,6,130,42.47454102120092
1161,6,130,31.43811577702981
1162,6,130,22.72189915082625
1163,6,130,52.61463345883315
1164,6,130,133.35825806855686
1165,6,140,43.09426019008589
1166,6,140,31.68646097206779
1167,6,140,22.935403433840342
1168,6,140,53.6712912728662
1169,6,140,136.71610622366228
1170,6,150,43.38090565344562
1171,6,150,31.791427364283216
1172,6,150,23.19929248987731
1173,6,150,54.62105143358142
1174,6,150,133.83457065456324
1175,6,160,43.626363150884984
1176,6,160,31.722431727312173
1177,6,160,23.451989299477905
1178,6,160,55.381972251285916
1179,6,160,130.83292921860465
1180,6,170,43.93284861516851
1181,6,170,31.38706428581044
1182,6,170,23.613113609428716
1183,6,170,55.90688650551191
1184,6,170,132.68343160723686
1185,6,180,44.17491434648651
1186,6,180,31.05834678194981
1187,6,180,23.75700505332333
1188,6,180,56.67728699496267
1189,6,180,135.05336634281596
1190,6,190,44.395861142622095
1191,6,190,31.598313795055375
1192,6,190,23.872915308712663
1193,6,190,58.05659550599725
1194,6,190,136.6147136598442
1195,6,200,44.72099836710338
1196,6,200,32.134735522314266
1197,6,200,23.919129323496183
1198,6,200,59.99430853463887
1199,6,200,137.2071528905829
1200,6,210,45.079983853180025
1201,6,210,32.49585048104774
1202,6,210,23.925598359906488
1203,6,210,61.663911929678136
1204,6,210,140.52062994015563
1205,6,220,45.48030440821603
1206,6,220,32.74648972886315
1207,6,220,23.873441569815757
1208,6,220,63.04800867954171
1209,6,220,144.40729347005953
1210,6,230,45.91107379767091
1211,6,230,32.97598697136614
1212,6,230,23.916328286103447
1213,6,230,64.65998098434594
1214,6,230,146.50170296394745
1215,6,240,46.57238966198484
1216,6,240,33.245201697391764
1217,6,240,24.084455199395947
1218,6,240,66.11326422011884
1219,6,240,147.47469714562448
1220,6,250,47.15831690076245
1221,6,250,33.47720117119072
1222,6,250,24.261267480242463
1223,6,250,67.38093440766974
1224,6,250,147.8704552489527
1225,6,260,47.477214504783426
1226,6,260,33.66928199435652
1227,6,260,24.46976928443644
1228,6,260,68.69294819004976
1229,6,260,148.5493239904063
1230,6,270,47.607557154506004
1231,6,270,33.83587544215089
1232,6,270,24.648481040676728
1233,6,270,70.0317468629614
1234,6,270,149.63626183972397
1235,6,280,47.7009691001359
1236,6,280,34.0504211093393
1237,6,280,24.87759701108199
1238,6,280,71.4658883095346
1239,6,280,149.4687249559476
1240,6,290,47.78908263691273
1241,6,290,34.660109399534754
1242,6,290,25.133439653802814
1243,6,290,73.31836580806767
1244,6,290,149.89652961645146
1245,6,300,47.82988189932122
1246,6,300,34.779176692513474
1247,6,300,25.394929463803315
1248,6,300,76.091193418906
1249,6,300,149.9696990974948
1250,6,310,47.928359601919496
1251,6,310,34.894939338346504
1252,6,310,25.728558847157778
1253,6,310,78.64411959556755
1254,6,310,150.21157368624225
1255,6,320,48.11138592704327
1256,6,320,34.99909896327491
1257,6,320,26.085697057033798
1258,6,320,80.33354748245549
1259,6,320,150.84158146296457
1260,6,330,48.399056158055664
1261,6,330,35.09185129942568
1262,6,330,26.382942097791588
1263,6,330,81.73203054185743
1264,6,330,151.60377426437717
1265,6,340,49.07817302707674
1266,6,340,35.17518495301128
1267,6,340,26.654967941054416
1268,6,340,83.08750641978136
1269,6,340,151.03722668610342
1270,6,350,49.58413987963863
1271,6,350,35.25198735437581
1272,6,350,26.900828633199993
1273,6,350,84.96525529033174
1274,6,350,152.27878786601195
1275,6,360,49.80538577016637
1276,6,360,35.32184305682899
1277,6,360,27.190703423775876
1278,6,360,87.01814478654222
1279,6,360,152.50334318174066
1280,6,370,49.92045532434768
1281,6,370,35.38291888879488
1282,6,370,27.433079102119894
1283,6,370,88.55687985625093
1284,6,370,152.7432135755137
1285,6,380,49.97185768384846
1286,6,380,35.43239774612111
1287,6,380,27.691164757873985
1288,6,380,89.92774946339154
1289,6,380,152.92527922764268
1290,6,390,49.9621286077155
1291,6,390,35.45796451746911
1292,6,390,27.909684033302106
1293,6,390,91.04306788531962
1294,6,390,153.18354494941406
1295,6,400,49.9031314380492
1296,6,400,35.58012996783285
1297,6,400,28.110921800747168
1298,6,400,92.04257795962957
1299,6,400,153.577768202554
1300,6,410,49.80819078791181
1301,6,410,35.68127822607285
1302,6,410,28.355999778687206
1303,6,410,93.0385954757738
1304,6,410,153.03489784027124
1305,6,420,49.68693698366279
1306,6,420,35.594389745187414
1307,6,420,28.644481578665637
1308,6,420,94.04570637399307
1309,6,420,152.29649582047222
1310,6,430,49.56839202628617
1311,6,430,35.57387642130441
1312,6,430,28.909655243079143
1313,6,430,95.03649148087243
1314,6,430,151.63487401919596
1315,6,440,49.438150928949575
1316,6,440,35.59843447110864
1317,6,440,29.15183351382785
1318,6,440,95.71298807065871
1319,6,440,151.02894255963798
1320,7,10,42.25720105838228
1321,7,10,35.005099172057385
1322,7,10,31.918611466079668
1323,7,10,29.97902460200497
1324,7,10,53.20921987092362
1325,7,20,38.49678740648656
1326,7,20,33.437433101781274
1327,7,20,29.056515347303694
1328,7,20,31.428709743189934
1329,7,20,67.96340443987518
1330,7,30,37.636241690954755
1331,7,30,33.31169328975038
1332,7,30,28.736789992552467
1333,7,30,33.90843197121513
1334,7,30,85.37563963496663
1335,7,40,37.95167297373378
1336,7,40,33.80061719387829
1337,7,40,29.40513557271309
1338,7,40,35.759297756347536
1339,7,40,93.51585314928391
1340,7,50,40.89345695284093
1341,7,50,34.26646562516199
1342,7,50,29.792553891739978
1343,7,50,36.226109659714275
1344,7,50,100.04719305700495
1345,7,60,43.34345587824888
1346,7,60,34.59273797055258
1347,7,60,29.95307830959014
1348,7,60,36.93108256314099
1349,7,60,102.31807239250699
1350,7,70,44.61792746430174
1351,7,70,35.30306204962521
1352,7,70,30.171624635992288
1353,7,70,38.93636062983346
1354,7,70,108.1220460794042
1355,7,80,45.508046374023564
1356,7,80,36.85255389917522
1357,7,80,30.2875370389745
1358,7,80,41.39665039547401
1359,7,80,112.45867684224962
1360,7,90,46.541547455638046
1361,7,90,37.6792818153413
1362,7,90,30.4295126059802
1363,7,90,44.40151898382708
1364,7,90,116.09858960779064
1365,7,100,48.543363366079774
1366,7,100,37.91866610792948
1367,7,100,30.82154562911654
1368,7,100,48.39333586774747
1369,7,100,119.21253537706951
1370,7,110,49.6599173475236
1371,7,110,38.46729180543973
1372,7,110,31.081682670365417
1373,7,110,51.50745604639947
1374,7,110,124.00347600621947
1375,7,120,49.92084375268217
1376,7,120,39.510100632335714
1377,7,120,31.343094343508376
1378,7,120,53.56692029058421
1379,7,120,129.4822832020944
1380,7,130,49.99846671566889
1381,7,130,39.443476122258886
1382,7,130,31.523275048192296
1383,7,130,55.84287769613371
1384,7,130,135.65020310232117
1385,7,140,50.23869128400188
1386,7,140,38.55531301042994
1387,7,140,31.786713337369626
1388,7,140,57.984398849122414
1389,7,140,138.96370082005333
1390,7,150,50.28344780191382
1391,7,150,38.6898545534997
1392,7,150,31.942186041331166
1393,7,150,59.98172894262994
1394,7,150,141.19262491965506
1395,7,160,50.07747455190157
1396,7,160,38.52850643768158
1397,7,160,32.10515239533079
1398,7,160,62.0628182848941
1399,7,160,142.78018865210112
1400,7,170,50.011676204096815
1401,7,170,38.36960345738132
1402,7,170,32.33678402122402
1403,7,170,63.54808684352662
1404,7,170,144.09047420536638
1405,7,180,50.065244598513885
1406,7,180,38.13474102229357
1407,7,180,32.715521318335554
1408,7,180,64.77450086608998
1409,7,180,145.9879143949664
1410,7,190,49.618706367877884
1411,7,190,38.03935779535599
1412,7,190,32.9939437783671
1413,7,190,66.36703572817694
1414,7,190,149.2247133127555
1415,7,200,50.45983438743605
1416,7,200,38.02831070757039
1417,7,200,33.204685951551305
1418,7,200,67.30238924783971
1419,7,200,152.52302481706258
1420,7,210,50.987156132905525
1421,7,210,38.12277673513857
1422,7,210,33.231927045873306
1423,7,210,67.89250502320974
1424,7,210,154.96199725584535
1425,7,220,51.32737843463241
1426,7,220,38.12660138256752
1427,7,220,33.38551549940028
1428,7,220,68.38166479572175
1429,7,220,156.54932819207642
1430,7,230,51.70737797022137
1431,7,230,38.17947694690771
1432,7,230,33.765422670174814
1433,7,230,68.8404038718765
1434,7,230,158.01770697915975
1435,7,240,52.14598025590629
1436,7,240,38.15090098531219
1437,7,240,34.24653566502883
1438,7,240,69.40069834392024
1439,7,240,159.76439074573446
1440,7,250,52.84288438879719
1441,7,250,38.09698615862617
1442,7,250,34.54530628991401
1443,7,250,69.9376459762876
1444,7,250,162.14386601092838
1445,7,260,52.94630099118959
1446,7,260,37.9186273546223
1447,7,260,34.85607026113925
1448,7,260,70.228285743155
1449,7,260,164.10106193019092
1450,7,270,53.087930582863294
1451,7,270,37.6222892793738
1452,7,270,35.23208663130681
1453,7,270,70.59255039858215
1454,7,270,165.7773492236773
1455,7,280,53.0326653587326
1456,7,280,36.88395620427515
1457,7,280,35.584147433752875
1458,7,280,71.04214453578837
1459,7,280,167.4921999262615
1460,7,290,53.02928591423051
1461,7,290,37.612667238426354
1462,7,290,35.838236151786674
1463,7,290,71.62220875740582
1464,7,290,168.68945354319484
1465,7,300,53.15831660135477
1466,7,300,37.78444856954525
1467,7,300,36.06956337473019
1468,7,300,72.20917824439152
1469,7,300,169.19232869230524
1470,7,310,53.44736673180549
1471,7,310,37.939357010597455
1472,7,310,36.17534490313561
1473,7,310,72.80609790984197
1474,7,310,169.73550338385286
1475,7,320,54.00278177664828
1476,7,320,38.03366893267886
1477,7,320,36.197385863314864
1478,7,320,73.59580502993852
1479,7,320,170.09456029216767
1480,7,330,54.51052124798471
1481,7,330,38.14907304710637
1482,7,330,36.1596911558598
1483,7,330,74.6015869335975
1484,7,330,170.41211861730432
1485,7,340,54.91327469932405
1486,7,340,38.16748484362366
1487,7,340,36.08171616564849
1488,7,340,75.3392457636284
1489,7,340,171.89268899820007
1490,7,350,55.17261855588718
1491,7,350,38.28694512315214
1492,7,350,36.066102478376976
1493,7,350,75.73613099242206
1494,7,350,173.91395027863985
1495,7,360,55.388606552263255
1496,7,360,38.403057271397174
1497,7,360,36.093926905532214
1498,7,360,75.76244937848568
1499,7,360,174.84619371323748
1500,7,370,55.50783455292259
1501,7,370,38.31274751173926
1502,7,370,36.17014221339897
1503,7,370,76.2733142438991
1504,7,370,175.5370341778406
1505,7,380,55.1644270999649
1506,7,380,38.524343267407446
1507,7,380,36.182611515257946
1508,7,380,76.71136163175517
1509,7,380,176.18703987159256
1510,7,390,55.17870887396052
1511,7,390,38.58869016350625
1512,7,390,36.17325148198904
1513,7,390,77.25912027256499
1514,7,390,176.67142277456958
1515,7,400,55.27208570187194
1516,7,400,38.709581631136835
1517,7,400,36.190193945450964
1518,7,400,78.07028750021131
1519,7,400,176.92945178808412
1520,7,410,55.695531426755636
1521,7,410,38.841930486458125
1522,7,410,36.17110517115637
1523,7,410,78.91203748032751
1524,7,410,176.98333531659543
1525,7,420,56.406004297911046
1526,7,420,39.015957260373284
1527,7,420,36.209614180806255
1528,7,420,79.53991917776995
1529,7,420,176.48472961667827
1530,7,430,56.754111556701844
1531,7,430,39.170530441798874
1532,7,430,36.5598303481
1533,7,430,80.46822334277941
1534,7,430,175.49345783535796
1535,7,440,56.74229429602512
1536,7,440,39.342601391564216
1537,7,440,36.680187045431666
1538,7,440,81.17924055230357
1539,7,440,174.84418298020205
1540,8,10,64.51871309786664
1541,8,10,48.55773798422564
1542,8,10,39.87805236031924
1543,8,10,35.41374800256307
1544,8,10,58.8173487278415
1545,8,20,56.296958081347825
1546,8,20,46.06138030252202
1547,8,20,34.866812153721945
1548,8,20,37.05739424454018
1549,8,20,70.79830855455738
1550,8,30,62.98948901080535
1551,8,30,46.682207639575196
1552,8,30,33.14536496423395
1553,8,30,41.40773316267463
1554,8,30,82.4686428407984
1555,8,40,64.5205257656291
1556,8,40,47.16502553463587
1557,8,40,32.91890417252506
1558,8,40,45.52253422164006
1559,8,40,90.02900587495557
1560,8,50,66.04251885170981
1561,8,50,47.59753155098736
1562,8,50,32.70159458658138
1563,8,50,49.78563121144143
1564,8,50,96.74288022820531
1565,8,60,67.48714930806833
1566,8,60,47.73116860582401
1567,8,60,32.95252205744899
1568,8,60,51.73508232339755
1569,8,60,101.21855776921052
1570,8,70,70.3744812391327
1571,8,70,48.57175092694316
1572,8,70,33.212664208515314
1573,8,70,54.001048732877734
1574,8,70,104.87514429057134
1575,8,80,72.16183862870217
1576,8,80,48.644026979976516
1577,8,80,33.28821656651155
1578,8,80,55.13674653210055
1579,8,80,108.72835894359689
1580,8,90,72.61157435495366
1581,8,90,48.809105971703474
1582,8,90,33.339822366299416
1583,8,90,56.00230345388857
1584,8,90,113.97169614144046
1585,8,100,73.12775706260442
1586,8,100,48.75538399617542
1587,8,100,33.56874849517784
1588,8,100,56.7207225424669
1589,8,100,114.82632637200975
1590,8,110,73.4321754752415
1591,8,110,48.405638188588696
1592,8,110,33.68760011054898
1593,8,110,57.788357073782365
1594,8,110,115.33783386548436
1595,8,120,73.4137008700995
1596,8,120,47.85702224760573
1597,8,120,33.88961214466571
1598,8,120,59.14048680663406
1599,8,120,116.86759154258104
1600,8,130,74.07724662020124
1601,8,130,47.332159636827576
1602,8,130,33.8779129684346
1603,8,130,60.55039326616561
1604,8,130,117.48775434646714
1605,8,140,73.6346039079554
1606,8,140,47.959396671924836
1607,8,140,33.90449856596847
1608,8,140,61.99981427488923
1609,8,140,118.07914530086984
1610,8,150,72.88676030193277
1611,8,150,48.109693983683975
1612,8,150,34.22395451090347
1613,8,150,63.569263531000246
1614,8,150,118.9000905631557
1615,8,160,72.59186770338783
1616,8,160,48.13936256035663
1617,8,160,34.646763129027704
1618,8,160,65.53357849032739
1619,8,160,118.3208703055005
1620,8,170,71.90703399451154
1621,8,170,48.31668383440295
1622,8,170,34.97472039022588
1623,8,170,67.23201609768917
1624,8,170,118.42542500819518
1625,8,180,71.48728288836453
1626,8,180,48.56545064099235
1627,8,180,35.480280257031154
1628,8,180,68.39266322869138
1629,8,180,117.35038776054715
1630,8,190,71.03864639131184
1631,8,190,48.674382084114335
1632,8,190,36.06508624046504
1633,8,190,69.74657441490038
1634,8,190,116.28753670952527
1635,8,200,70.74172100092613
1636,8,200,48.75833522663436
1637,8,200,36.62923174067346
1638,8,200,71.02026281920146
1639,8,200,117.14222320010876
1640,8,210,70.99949362190557
1641,8,210,48.8941800536682
1642,8,210,37.168442591754975
1643,8,210,72.03672460392616
1644,8,210,118.11358281319714
1645,8,220,70.84802876675403
1646,8,220,48.83746069797068
1647,8,220,37.74632683559826
1648,8,220,73.38969407238937
1649,8,220,117.91011190707883
1650,8,230,70.3265529368285
1651,8,230,48.97032942936674
1652,8,230,38.34048589904504
1653,8,230,74.56161542751317
1654,8,230,117.42496577443455
1655,8,240,69.97862619844202
1656,8,240,49.04869456761202
1657,8,240,39.00976753179549
1658,8,240,75.9196290260889
1659,8,240,116.31526935623067
1660,8,250,69.28571251028251
1661,8,250,49.045389660715614
1662,8,250,39.76032954049147
1663,8,250,76.72095401223649
1664,8,250,115.44742563054217
1665,8,260,69.59563296069467
1666,8,260,48.87953691776565
1667,8,260,40.450458161682306
1668,8,260,77.23171843355063
1669,8,260,115.181096967335
1670,8,270,69.54278757622694
1671,8,270,48.675377846978094
1672,8,270,40.90941840398637
1673,8,270,77.51006624182153
1674,8,270,115.45394239008299
1675,8,280,69.53599689226385
1676,8,280,48.742007064262054
1677,8,280,41.41326523177831
1678,8,280,77.62045008319978
1679,8,280,116.28752074060617
1680,8,290,69.39614285495526
1681,8,290,48.85951854335478
1682,8,290,41.63987773608559
1683,8,290,77.35483131348816
1684,8,290,116.89125444269581
1685,8,300,69.59628565400166
1686,8,300,49.04339062737313
1687,8,300,41.889072950379656
1688,8,300,76.75434842949655
1689,8,300,117.63894566811827
1690,8,310,69.91522364502393
1691,8,310,49.21596826014351
1692,8,310,42.11113843320749
1693,8,310,76.47354650227727
1694,8,310,117.75919574942111
1695,8,320,69.88303536060185
1696,8,320,49.340590715884176
1697,8,320,42.37445031866801
1698,8,320,76.34016209054946
1699,8,320,117.31266172094024
1700,8,330,70.04461945571735
1701,8,330,49.5079129839106
1702,8,330,42.71938575321777
1703,8,330,76.38912471738169
1704,8,330,117.20809838904742
1705,8,340,69.90347421866389
1706,8,340,49.67949313895687
1707,8,340,43.14093265586119
1708,8,340,77.33351541925589
1709,8,340,117.32844569950569
1710,8,350,69.81813236593607
1711,8,350,50.00478197851604
1712,8,350,43.54184805184242
1713,8,350,77.83113407156193
1714,8,350,117.52456683754876
1715,8,360,69.8366186621493
1716,8,360,50.22432205546161
1717,8,360,43.91543075568349
1718,8,360,78.10466092597554
1719,8,360,117.70822249814715
1720,8,370,69.95254068073264
1721,8,370,50.32929998534951
1722,8,370,44.16485615341804
1723,8,370,78.45369000874544
1724,8,370,117.67057618910137
1725,8,380,70.1847211788891
1726,8,380,50.39260774518153
1727,8,380,44.25129512574592
1728,8,380,78.72664567009303
1729,8,380,117.47401175159945
1730,8,390,70.34636201632279
1731,8,390,50.42582584794197
1732,8,390,44.76038245641837
1733,8,390,78.89916482723339
1734,8,390,117.23949825965487
1735,8,400,69.62258445985881
1736,8,400,50.40848603900213
1737,8,400,45.096154478834734
1738,8,400,79.00455085437436
1739,8,400,117.01982618885197
1740,8,410,69.0396355514101
1741,8,410,50.43736504642107
1742,8,410,45.41726090934999
1743,8,410,79.00958127156855
1744,8,410,116.75700092147218
1745,8,420,69.79363708869163
1746,8,420,50.572099831128114
1747,8,420,45.66763456678726
1748,8,420,78.94365117680266
1749,8,420,116.52533414053997
1750,8,430,69.85699866272226
1751,8,430,50.4913993727852
1752,8,430,45.86226333185482
1753,8,430,78.81512492199448
1754,8,430,116.45904616723658
1755,8,440,69.9495945923572
1756,8,440,50.3720365053729
1757,8,440,46.00844115235659
1758,8,440,78.61940642552167
1759,8,440,116.47273166609935
1760,9,10,60.641557672923255
1761,9,10,52.54195597744451
1762,9,10,44.07923910908145
1763,9,10,43.39521242683777
1764,9,10,70.64070361032748
1765,9,20,60.569743824566736
1766,9,20,50.71830805867026
1767,9,20,42.48649966221973
1768,9,20,48.91291252941641
1769,9,20,74.48119416847922
1770,9,30,65.4700796755012
1771,9,30,51.79923915385179
1772,9,30,42.1283865198318
1773,9,30,52.60688118017252
1774,9,30,80.13433480992846
1775,9,40,67.8101405592785
1776,9,40,52.5757532590806
1777,9,40,42.06906106551756
1778,9,40,56.13707320742763
1779,9,40,83.40871308698902
1780,9,50,68.22155493818038
1781,9,50,52.616513851841376
1782,9,50,42.460775198658006
1783,9,50,59.99615579544809
1784,9,50,91.49485785653721
1785,9,60,68.98686775597685
1786,9,60,52.3032395128865
1787,9,60,43.21945012076052
1788,9,60,63.53977775492956
1789,9,60,95.53332863540771
1790,9,70,69.23970292706086
1791,9,70,52.6687462259066
1792,9,70,43.70322801857484
1793,9,70,65.37983154514893
1794,9,70,100.13521147842596
1795,9,80,69.45871434142646
1796,9,80,52.71505024153172
1797,9,80,44.41822695733713
1798,9,80,65.2360705275543
1799,9,80,106.09444576594964
1800,9,90,71.38303253022961
1801,9,90,53.19287948593754
1802,9,90,45.34627901658613
1803,9,90,64.69282306469927
1804,9,90,109.5573950014692
1805,9,100,72.35860597831403
1806,9,100,53.128432770006484
1807,9,100,46.11764213528723
1808,9,100,64.38001513897085
1809,9,100,111.97118238401767
1810,9,110,73.11008703951765
1811,9,110,52.80387325367757
1812,9,110,46.85337700495542
1813,9,110,64.05218915030821
1814,9,110,116.6120900513514
1815,9,120,74.05875623384014
1816,9,120,52.76843136320247
1817,9,120,47.38093043195706
1818,9,120,64.14659945872131
1819,9,120,119.64384683006135
1820,9,130,74.88848220482352
1821,9,130,52.84501848803161
1822,9,130,47.99716161497551
1823,9,130,64.51676397013195
1824,9,130,121.13784360171393
1825,9,140,75.2667984013793
1826,9,140,52.23196891948642
1827,9,140,48.61243896921545
1828,9,140,65.24117138800456
1829,9,140,121.0693863513169
1830,9,150,75.61835220360314
1831,9,150,51.972060888144554
1832,9,150,49.30656951527813
1833,9,150,66.13949753729032
1834,9,150,121.31803672903035
1835,9,160,75.37355906380107
1836,9,160,52.145816284837636
1837,9,160,49.94151380674956
1838,9,160,66.97123753595213
1839,9,160,121.41326108615996
1840,9,170,75.02071840230276
1841,9,170,52.40876001472019
1842,9,170,50.58949721540084
1843,9,170,67.6199506758131
1844,9,170,122.09752873102794
1845,9,180,74.86792453841866
1846,9,180,52.63269335155096
1847,9,180,51.25699595003416
1848,9,180,68.2420152273015
1849,9,180,122.96259160125503
1850,9,190,74.93108044496554
1851,9,190,52.99528987531616
1852,9,190,51.92278861644006
1853,9,190,68.56898505549091
1854,9,190,123.54960069541107
1855,9,200,75.08256840777223
1856,9,200,53.36873869620254
1857,9,200,52.635533082563924
1858,9,200,68.97542549478266
1859,9,200,124.39922421803809
1860,9,210,75.41709799758937
1861,9,210,53.73517905391754
1862,9,210,53.24364385198916
1863,9,210,69.81759385755512
1864,9,210,125.43382931565894
1865,9,220,75.7806266742297
1866,9,220,54.025704925100115
1867,9,220,53.75907112345281
1868,9,220,70.74721462874496
1869,9,220,126.3997208188194
1870,9,230,75.96708488276884
1871,9,230,54.12772496449446
1872,9,230,54.24659213140846
1873,9,230,71.55444200032774
1874,9,230,127.01852276147555
1875,9,240,75.85515960311847
1876,9,240,54.121271289236574
1877,9,240,54.71576180751411
1878,9,240,72.6548605270927
1879,9,240,126.9309956049477
1880,9,250,76.19989885582471
1881,9,250,54.01127056220072
1882,9,250,55.258919683421524
1883,9,250,73.76545079727939
1884,9,250,126.40944362056858
1885,9,260,76.41731110627043
1886,9,260,53.803099170104815
1887,9,260,55.79937957477354
1888,9,260,74.82563555106168
1889,9,260,127.63335954584385
1890,9,270,76.93474807278696
1891,9,270,53.50085871351258
1892,9,270,56.32953312119702
1893,9,270,76.08690612090136
1894,9,270,128.08061491641323
1895,9,280,77.46246599771462
1896,9,280,53.66593792840665
1897,9,280,56.83760378201671
1898,9,280,77.64484340190829
1899,9,280,128.44246818065437
1900,9,290,77.93600840023444
1901,9,290,53.435541067963285
1902,9,290,57.32370138431635
1903,9,290,78.60790241173702
1904,9,290,128.23465665160683
1905,9,300,78.24656459728544
1906,9,300,54.17510080154413
1907,9,300,57.78878795641329
1908,9,300,79.42229652656155
1909,9,300,127.87806460638006
1910,9,310,78.45717666390748
1911,9,310,54.2425915803487
1912,9,310,58.25197047309129
1913,9,310,80.12744193692052
1914,9,310,127.61474524467263
1915,9,320,78.90461416948895
1916,9,320,54.13365687656992
1917,9,320,58.70617316093248
1918,9,320,80.5376551142658
1919,9,320,127.0457948257736
1920,9,330,78.5808856020257
1921,9,330,54.04642833500074
1922,9,330,59.11257507274783
1923,9,330,81.01741670893838
1924,9,330,126.51044522833887
1925,9,340,78.71663840297639
1926,9,340,53.9440135385627
1927,9,340,59.46553463578554
1928,9,340,81.54893102532503
1929,9,340,126.00106629578116
1930,9,350,79.29891644444464
1931,9,350,53.84472222018351
1932,9,350,59.761935704773805
1933,9,350,82.11781782902045
1934,9,350,125.4362616054451
1935,9,360,79.94238996628998
1936,9,360,53.68923978794979
1937,9,360,60.08416563896518
1938,9,360,82.78318417646864
1939,9,360,124.69811344904775
1940,9,370,79.8977569610028
1941,9,370,53.81485946952783
1942,9,370,60.40395120669004
1943,9,370,83.80636540823158
1944,9,370,123.85618031776369
1945,9,380,80.05263121877533
1946,9,380,53.79925360362415
1947,9,380,60.70756909099626
1948,9,380,84.74183858691663
1949,9,380,123.44720012919738
1950,9,390,80.02106870120262
1951,9,390,53.787684470234
1952,9,390,60.977036607892174
1953,9,390,85.57401697253138
1954,9,390,123.39461772169342
1955,9,400,79.98264910764169
1956,9,400,53.77126704746087
1957,9,400,61.220840644190645
1958,9,400,86.60427871775532
1959,9,400,123.41430588456184
1960,9,410,80.12619345637953
1961,9,410,53.80338840815974
1962,9,410,61.5202189514313
1963,9,410,87.38171655772575
1964,9,410,123.44868281134296
1965,9,420,80.20550995076826
1966,9,420,53.911507242884596
1967,9,420,61.866230755264084
1968,9,420,88.25162201726164
1969,9,420,123.35143737417567
1970,9,430,80.04441762629983
1971,9,430,53.933660715574476
1972,9,430,62.279536355162044
1973,9,430,89.03269269681165
1974,9,430,123.02058172280303
1975,9,440,80.05748658893665
1976,9,440,53.937942960885515
1977,9,440,62.65817374413449
1978,9,440,89.68263585599175
1979,9,440,122.63086850039237
1980,10,10,58.381687852839036
1981,10,10,49.21436407153231
1982,10,10,43.053636078300194
1983,10,10,33.323027597770306
1984,10,10,37.100042257814536
1985,10,20,54.234989526422225
1986,10,20,48.19877971864452
1987,10,20,39.87678874262167
1988,10,20,31.373314709544083
1989,10,20,47.07259917154515
1990,10,30,57.18840881255163
1991,10,30,48.283948442108056
1992,10,30,37.899969859227134
1993,10,30,31.587228820325926
1994,10,30,57.90207477042409
1995,10,40,59.10972470334709
1996,10,40,48.20736104166188
1997,10,40,36.56042842304164
1998,10,40,32.251922741773846
1999,10,40,68.42114665890954
2000,10,50,59.98575840462202
2001,10,50,48.57034162872558
2002,10,50,35.25538684440574
2003,10,50,32.72043656685553
2004,10,50,72.62340066545684
2005,10,60,58.29752615066123
2006,10,60,48.92695667218898
2007,10,60,34.83725801136777
2008,10,60,32.96459714314021
2009,10,60,76.44686427499529
2010,10,70,58.103813897285335
2011,10,70,48.96184947609344
2012,10,70,34.48047310456425
2013,10,70,33.605453535666726
2014,10,70,80.61957871180061
2015,10,80,59.723539311728175
2016,10,80,49.00810110616753
2017,10,80,34.19590398562811
2018,10,80,34.36032365787749
2019,10,80,83.04132314451208
2020,10,90,62.36309514326177
2021,10,90,47.950890543966516
2022,10,90,34.01172190193118
2023,10,90,35.41369634018922
2024,10,90,84.82779813718646
2025,10,100,64.93716584382275
2026,10,100,47.83293802318603
2027,10,100,33.97956475767695
2028,10,100,36.3282935364069
2029,10,100,86.44168259631076
2030,10,110,65.98489196120491
2031,10,110,47.465460176221534
2032,10,110,33.89884095189637
2033,10,110,37.37451343376787
2034,10,110,87.9079076595863
2035,10,120,66.3310357071097
2036,10,120,47.423103422867555
2037,10,120,33.74217025067812
2038,10,120,38.45462300268314
2039,10,120,89.38923861438619
2040,10,130,66.809015584109
2041,10,130,47.22831827294419
2042,10,130,33.64017954514057
2043,10,130,39.40982377884542
2044,10,130,90.54573268918354
2045,10,140,67.2549978913738
2046,10,140,47.290242107958704
2047,10,140,33.555552899895915
2048,10,140,40.342454044285205
2049,10,140,91.48916062895786
2050,10,150,67.62704284597183
2051,10,150,47.32785880880403
2052,10,150,33.46981937683947
2053,10,150,41.127610839913444
2054,10,150,92.77939772659926
2055,10,160,67.94392416475884
2056,10,160,47.1839551862712
2057,10,160,33.40169542012318
2058,10,160,42.096870623587755
2059,10,160,93.52358217568222
2060,10,170,68.30460931913343
2061,10,170,46.98586606649934
2062,10,170,33.34555681960804
2063,10,170,42.929974158488356
2064,10,170,93.53415574149875
2065,10,180,68.81802172323859
2066,10,180,46.88615430312912
2067,10,180,33.266771140825945
2068,10,180,43.95173090612447
2069,10,180,93.53340576598407
2070,10,190,69.30996101805448
2071,10,190,46.662781153073375
2072,10,190,33.26733264183944
2073,10,190,44.72553797406742
2074,10,190,94.13498807790867
2075,10,200,69.81784552304254
2076,10,200,46.490518234202746
2077,10,200,33.23897261026915
2078,10,200,45.4497434831258
2079,10,200,94.77113218736508
2080,10,210,70.30043400661468
2081,10,210,46.38804049185778
2082,10,210,33.22362024883678
2083,10,210,46.27112034745721
2084,10,210,95.4396620125919
2085,10,220,70.8256646960327
2086,10,220,46.35889022195414
2087,10,220,33.1506675507585
2088,10,220,47.18270877249531
2089,10,220,96.36871912421603
2090,10,230,71.571268641831
2091,10,230,46.29092520182009
2092,10,230,33.05109005372063
2093,10,230,48.14029442307384
2094,10,230,97.14250696654209
2095,10,240,72.2507804239921
2096,10,240,46.276457285224616
2097,10,240,32.99343031632056
2098,10,240,49.04086484041207
2099,10,240,97.79369385394
2100,10,250,72.72982040729605
2101,10,250,46.145619536171665
2102,10,250,33.040122229036285
2103,10,250,49.77559610070627
2104,10,250,98.5805545517376
2105,10,260,72.93155710377833
2106,10,260,45.98356670981448
2107,10,260,33.059460429647416
2108,10,260,50.60906421569565
2109,10,260,99.45588338882803
2110,10,270,72.91718832157025
2111,10,270,45.81487948047821
2112,10,270,33.08120226057158
2113,10,270,51.32771014596408
2114,10,270,99.83116258974438
2115,10,280,72.73161652921327
2116,10,280,45.62600235622544
2117,10,280,33.13503904753175
2118,10,280,51.808637498589164
2119,10,280,100.05146872930877
2120,10,290,72.47937305887062
2121,10,290,45.45600821712639
2122,10,290,33.20350715922382
2123,10,290,52.36267890477524
2124,10,290,100.59650093563239
2125,10,300,72.14613642521535
2126,10,300,45.27844228386839
2127,10,300,33.239528795952005
2128,10,300,53.464898167808826
2129,10,300,101.50624964612257
2130,10,310,72.06495538228656
2131,10,310,45.086523034822086
2132,10,310,33.34977768208984
2133,10,310,54.37528156660573
2134,10,310,101.99886498272096
2135,10,320,72.10645844171617
2136,10,320,45.0271845307465
2137,10,320,33.43653648709131
2138,10,320,55.58286436842624
2139,10,320,102.4761838976329
2140,10,330,72.02503708235186
2141,10,330,44.813487364724054
2142,10,330,33.542244705957486
2143,10,330,57.137643536621844
2144,10,330,102.75624278270833
2145,10,340,71.83040944555464
2146,10,340,44.60469119644809
2147,10,340,33.65791868017353
2148,10,340,58.95003207262005
2149,10,340,102.61465250566805
2150,10,350,71.7782147744826
2151,10,350,44.46274065327802
2152,10,350,33.772637004644906
2153,10,350,60.84134183494237
2154,10,350,102.70926654723385
2155,10,360,71.75715584370839
2156,10,360,44.32428248547335
2157,10,360,33.88499209110552
2158,10,360,62.50981542748979
2159,10,360,103.43425984423988
2160,10,370,71.53776544571471
2161,10,370,44.229824158922916
2162,10,370,33.976161990476974
2163,10,370,64.04227109391798
2164,10,370,104.4874629713855
2165,10,380,71.39572169638406
2166,10,380,44.26535951637909
2167,10,380,34.183367780818635
2168,10,380,65.27697529346905
2169,10,380,105.31437127601325
2170,10,390,71.28142670559612
2171,10,390,44.215789564902906
2172,10,390,34.435084427973294
2173,10,390,66.30380058796568
2174,10,390,106.18590524991671
2175,10,400,71.27514334612908
2176,10,400,44.17774053074108
2177,10,400,34.62524117223091
2178,10,400,66.98652015271217
2179,10,400,107.0364998858441
2180,10,410,71.50123250068548
2181,10,410,44.10572186427162
2182,10,410,34.790278156394734
2183,10,410,67.41506837182001
2184,10,410,107.3930107672411
2185,10,420,71.58246683185494
2186,10,420,43.964115907436664
2187,10,420,34.97068443951066
2188,10,420,67.7307758441853
2189,10,420,107.66195859259628
2190,10,430,71.70806375948523
2191,10,430,43.81654560951192
2192,10,430,35.13002553767899
2193,10,430,67.95707882648671
2194,10,430,108.34464178193832
2195,10,440,71.81308686131348
2196,10,440,43.65604392664437
2197,10,440,35.25103064954355
2198,10,440,68.18818541348065
2199,10,440,109.02867653106185
